{
"__comment": "Modelled by Merphin with BDcraft Cubik PRO 0.96 Beta - http://bdcraft.net",
"textures": {
    "particle": "blocks/bar_wood",
    "texture": "blocks/bar_wood",
    "shoe": "blocks/shoe"
},
"elements": [ 
{
    "from": [ -16, -16, 0 ],
    "to": [ 32, 31, 1 ],
    "faces": {
        "down":  { "uv": [ 16, 1, 0, 0 ], "texture": "#texture" },
        "north": { "uv": [ 0, 0, 16, 16 ], "texture": "#texture" },
        "south": { "uv": [ 0, 0, 16, 16 ], "texture": "#texture" },
        "west":  { "uv": [ 0, 0, 1, 16 ], "texture": "#texture" },
        "east":  { "uv": [ 15, 0, 16, 16 ], "texture": "#texture" }
    }
},
{
    "from": [ -16, -16, 16 ],
    "to": [ 32, -15, 17 ],
    "faces": {
        "down":  { "uv": [ 16, 16, 0, 16 ], "texture": "#texture" },
        "up":    { "uv": [ 0, 16, 16, 16 ], "texture": "#texture" },
        "north": { "uv": [ 0, 16, 16, 16 ], "texture": "#texture" },
        "south": { "uv": [ 0, 16, 16, 16 ], "texture": "#texture" },
        "west":  { "uv": [ 16, 16, 16, 16 ], "texture": "#texture" },
        "east":  { "uv": [ 0, 16, 0, 16 ], "texture": "#texture" }
    }
},
{
    "from": [ -15, -16, 1 ],
    "to": [ 31, -13, 16 ],
    "faces": {
        "down":  { "uv": [ 16, 16, 0, 1 ], "texture": "#texture" },
        "up":    { "uv": [ 0, 1, 16, 16 ], "texture": "#texture" },
        "south": { "uv": [ 0, 16, 16, 16 ], "texture": "#texture" }
    }
},
{
    "from": [ -16, 31, -0.5 ],
    "to": [ 32, 32, 17.5 ],
    "faces": {
        "down":  { "uv": [ 16, 16, 0, 0 ], "texture": "#texture" },
        "up":    { "uv": [ 0, 0, 16, 16 ], "texture": "#texture" },
        "north": { "uv": [ 0, 0, 16, 0 ], "texture": "#texture" },
        "south": { "uv": [ 0, 0, 16, 0 ], "texture": "#texture" },
        "west":  { "uv": [ 0, 0, 16, 0 ], "texture": "#texture" },
        "east":  { "uv": [ 0, 0, 16, 0 ], "texture": "#texture" }
    }
},
{
    "from": [ -16, -16, 1 ],
    "to": [ -15, 31, 16 ],
    "faces": {
        "down":  { "uv": [ 16, 16, 16, 1 ], "texture": "#texture" },
        "south": { "uv": [ 0, 0, 0, 16 ], "texture": "#texture" },
        "west":  { "uv": [ 1, 0, 16, 16 ], "texture": "#texture" },
        "east":  { "uv": [ 0, 0, 15, 16 ], "texture": "#texture" }
    }
},
{
    "from": [ 31, -16, 1 ],
    "to": [ 32, 31, 16 ],
    "faces": {
        "down":  { "uv": [ 0, 16, 0, 1 ], "texture": "#texture" },
        "south": { "uv": [ 16, 0, 16, 16 ], "texture": "#texture" },
        "west":  { "uv": [ 1, 0, 16, 16 ], "texture": "#texture" },
        "east":  { "uv": [ 0, 0, 15, 16 ], "texture": "#texture" }
    }
},
{
    "from": [ -15, 4, 1 ],
    "to": [ 31, 5, 15 ],
    "faces": {
        "down":  { "uv": [ 16, 15, 0, 1 ], "texture": "#texture" },
        "up":    { "uv": [ 0, 1, 16, 15 ], "texture": "#texture" },
        "south": { "uv": [ 0, 11, 16, 12 ], "texture": "#texture" }
    }
},
{
    "from": [ -15, -5, 1 ],
    "to": [ 31, -4, 15 ],
    "faces": {
        "down":  { "uv": [ 16, 15, 0, 1 ], "texture": "#texture" },
        "up":    { "uv": [ 0, 1, 16, 15 ], "texture": "#texture" },
        "south": { "uv": [ 0, 16, 16, 16 ], "texture": "#texture" }
    }
},
{
    "from": [ -15, 22, 1 ],
    "to": [ 31, 23, 15 ],
    "faces": {
        "down":  { "uv": [ 16, 15, 0, 1 ], "texture": "#texture" },
        "up":    { "uv": [ 0, 1, 16, 15 ], "texture": "#texture" },
        "south": { "uv": [ 0, 0, 16, 0 ], "texture": "#texture" }
    }
},
{
    "from": [ -15, 13, 1 ],
    "to": [ 31, 14, 15 ],
    "faces": {
        "down":  { "uv": [ 16, 15, 0, 1 ], "texture": "#texture" },
        "up":    { "uv": [ 0, 1, 16, 15 ], "texture": "#texture" },
        "south": { "uv": [ 0, 2, 16, 3 ], "texture": "#texture" }
    }
},
{
    "from": [ 2.5, -13, 1 ],
    "to": [ 3.5, 31, 14 ],
    "faces": {
        "south": { "uv": [ 2.5, 0, 3.5, 16 ], "texture": "#texture" },
        "west":  { "uv": [ 1, 0, 14, 16 ], "texture": "#texture" },
        "east":  { "uv": [ 2, 0, 15, 16 ], "texture": "#texture" }
    }
},
{
    "from": [ 22, -13, 1 ],
    "to": [ 23, 31, 14 ],
    "faces": {
        "south": { "uv": [ 16, 0, 16, 16 ], "texture": "#texture" },
        "west":  { "uv": [ 1, 0, 14, 16 ], "texture": "#texture" },
        "east":  { "uv": [ 2, 0, 15, 16 ], "texture": "#texture" }
    }
},
{
    "from": [ -7, -13, 1 ],
    "to": [ -6, 31, 14 ],
    "faces": {
        "south": { "uv": [ 0, 0, 0, 16 ], "texture": "#texture" },
        "west":  { "uv": [ 1, 0, 14, 16 ], "texture": "#texture" },
        "east":  { "uv": [ 2, 0, 15, 16 ], "texture": "#texture" }
    }
},
{
    "from": [ 12.5, -13, 1 ],
    "to": [ 13.5, 31, 14 ],
    "faces": {
        "south": { "uv": [ 12.5, 0, 13.5, 16 ], "texture": "#texture" },
        "west":  { "uv": [ 1, 0, 14, 16 ], "texture": "#texture" },
        "east":  { "uv": [ 2, 0, 15, 16 ], "texture": "#texture" }
    }
},
{
    "__comment": "Left1",
    "from": [ -5, -3.5, 9 ],
    "to": [ -2, -0.5, 12 ],
    "faces": {
        "down":  { "uv": [ 0, 0, 16, 16 ], "texture": "#shoe" },
        "up":    { "uv": [ 5.5, 11.5, 7.5, 13.5 ], "texture": "#shoe" },
        "north": { "uv": [ 0, 0, 16, 16 ], "texture": "#shoe" },
        "south": { "uv": [ 0, 0, 16, 14 ], "texture": "#shoe" },
        "west":  { "uv": [ 13.5, 0.5, 16, 7.5 ], "texture": "#shoe" },
        "east":  { "uv": [ 0, 0, 1.5, 10 ], "texture": "#shoe" }
    }
},
{
    "__comment": "Left1",
    "from": [ -5.1875, -4, 8.75 ],
    "to": [ -1.8125, -3, 12.1875 ],
    "faces": {
        "up":    { "uv": [ 0, 14, 16, 16 ], "texture": "#shoe" },
        "north": { "uv": [ 0, 14, 16, 16 ], "texture": "#shoe" },
        "south": { "uv": [ 0, 14, 16, 16 ], "texture": "#shoe" },
        "west":  { "uv": [ 0, 14, 16, 16 ], "texture": "#shoe" },
        "east":  { "uv": [ 0, 14, 16, 16 ], "texture": "#shoe" }
    }
},
{
    "__comment": "Left1",
    "from": [ -5, -4, 4 ],
    "to": [ -2, -2.5, 9 ],
    "faces": {
        "up":    { "uv": [ 0, 0, 3, 5 ], "texture": "#shoe" },
        "north": { "uv": [ 0, 18.5, 3, 20 ], "texture": "#shoe" },
        "south": { "uv": [ 0, 18.5, 3, 20 ], "texture": "#shoe" },
        "west":  { "uv": [ 4, 18.5, 9, 20 ], "texture": "#shoe" },
        "east":  { "uv": [ 4, 18.5, 9, 20 ], "texture": "#shoe" }
    }
},
{
    "__comment": "Left1",
    "from": [ -4, -2.5, 6.5 ],
    "to": [ -2, -1.5, 9 ],
    "faces": {
        "up":    { "uv": [ 0, 6.5, 0, 9 ], "texture": "#shoe" },
        "north": { "uv": [ 16, 16, 16, 16 ], "texture": "#shoe" },
        "west":  { "uv": [ 6.5, 16, 9, 16 ], "texture": "#shoe" },
        "east":  { "uv": [ 7, 16, 9.5, 16 ], "texture": "#shoe" }
    }
},
{
    "__comment": "Right1",
    "from": [ -1.5, -3.5, 9 ],
    "to": [ 1.5, -0.5, 12 ],
    "faces": {
        "down":  { "uv": [ 0, 0, 16, 16 ], "texture": "#shoe" },
        "up":    { "uv": [ 7.5, 11.5, 9.5, 13.5 ], "texture": "#shoe" },
        "north": { "uv": [ 0, 0, 16, 16 ], "texture": "#shoe" },
        "south": { "uv": [ 0, 0, 16, 14 ], "texture": "#shoe" },
        "west":  { "uv": [ 0, 0, 1.5, 9 ], "texture": "#shoe" },
        "east":  { "uv": [ 14, 0, 16, 8.5 ], "texture": "#shoe" }
    }
},
{
    "__comment": "Right1",
    "from": [ -1.6875, -4, 8.75 ],
    "to": [ 1.6875, -3, 12.1875 ],
    "faces": {
        "up":    { "uv": [ 0, 14, 16, 16 ], "texture": "#shoe" },
        "north": { "uv": [ 0, 14, 16, 16 ], "texture": "#shoe" },
        "south": { "uv": [ 0, 14, 16, 16 ], "texture": "#shoe" },
        "west":  { "uv": [ 0, 14, 16, 16 ], "texture": "#shoe" },
        "east":  { "uv": [ 0, 14, 16, 16 ], "texture": "#shoe" }
    }
},
{
    "__comment": "Right1",
    "from": [ -1.5, -4, 4 ],
    "to": [ 1.5, -2.5, 9 ],
    "faces": {
        "up":    { "uv": [ 0, 4, 1.5, 9 ], "texture": "#shoe" },
        "north": { "uv": [ 14.5, 16, 16, 16 ], "texture": "#shoe" },
        "south": { "uv": [ 0, 16, 1.5, 16 ], "texture": "#shoe" },
        "west":  { "uv": [ 4, 16, 9, 16 ], "texture": "#shoe" },
        "east":  { "uv": [ 7, 16, 12, 16 ], "texture": "#shoe" }
    }
},
{
    "__comment": "Right1",
    "from": [ -0.5, -2.5, 6.5 ],
    "to": [ 1.5, -1.5, 9 ],
    "faces": {
        "up":    { "uv": [ 0, 6.5, 1.5, 9 ], "texture": "#shoe" },
        "north": { "uv": [ 14.5, 16, 16, 16 ], "texture": "#shoe" },
        "west":  { "uv": [ 6.5, 16, 9, 16 ], "texture": "#shoe" },
        "east":  { "uv": [ 7, 16, 9.5, 16 ], "texture": "#shoe" }
    }
},
{
    "__comment": "Left2",
    "from": [ 14.5, 5.5, 9 ],
    "to": [ 17.5, 8.5, 12 ],
    "faces": {
        "down":  { "uv": [ 0, 0, 16, 16 ], "texture": "#shoe" },
        "up":    { "uv": [ 5.5, 11.5, 7.5, 13.5 ], "texture": "#shoe" },
        "north": { "uv": [ 0, 0, 16, 16 ], "texture": "#shoe" },
        "south": { "uv": [ 0, 0, 16, 14 ], "texture": "#shoe" },
        "west":  { "uv": [ 13.5, 0.5, 16, 7.5 ], "texture": "#shoe" },
        "east":  { "uv": [ 0, 0, 1.5, 10 ], "texture": "#shoe" }
    }
},
{
    "__comment": "Left2",
    "from": [ 14.3125, 5, 8.75 ],
    "to": [ 17.6875, 6, 12.1875 ],
    "faces": {
        "up":    { "uv": [ 0, 14, 16, 16 ], "texture": "#shoe" },
        "north": { "uv": [ 0, 14, 16, 16 ], "texture": "#shoe" },
        "south": { "uv": [ 0, 14, 16, 16 ], "texture": "#shoe" },
        "west":  { "uv": [ 0, 14, 16, 16 ], "texture": "#shoe" },
        "east":  { "uv": [ 0, 14, 16, 16 ], "texture": "#shoe" }
    }
},
{
    "__comment": "Left2",
    "from": [ 14.5, 5, 4 ],
    "to": [ 17.5, 6.5, 9 ],
    "faces": {
        "up":    { "uv": [ 0, 0, 3, 5 ], "texture": "#shoe" },
        "north": { "uv": [ 0, 18.5, 3, 20 ], "texture": "#shoe" },
        "south": { "uv": [ 0, 18.5, 3, 20 ], "texture": "#shoe" },
        "west":  { "uv": [ 4, 18.5, 9, 20 ], "texture": "#shoe" },
        "east":  { "uv": [ 4, 18.5, 9, 20 ], "texture": "#shoe" }
    }
},
{
    "__comment": "Left2",
    "from": [ 15.5, 6.5, 6.5 ],
    "to": [ 17.5, 7.5, 9 ],
    "faces": {
        "up":    { "uv": [ 15.5, 6.5, 16, 9 ], "texture": "#shoe" },
        "north": { "uv": [ 0, 8.5, 0.5, 9.5 ], "texture": "#shoe" },
        "west":  { "uv": [ 6.5, 8.5, 9, 9.5 ], "texture": "#shoe" },
        "east":  { "uv": [ 7, 8.5, 9.5, 9.5 ], "texture": "#shoe" }
    }
},
{
    "__comment": "Right2",
    "from": [ 18, 5.5, 9 ],
    "to": [ 21, 8.5, 12 ],
    "faces": {
        "down":  { "uv": [ 0, 0, 16, 16 ], "texture": "#shoe" },
        "up":    { "uv": [ 7.5, 11.5, 9.5, 13.5 ], "texture": "#shoe" },
        "north": { "uv": [ 0, 0, 16, 16 ], "texture": "#shoe" },
        "south": { "uv": [ 0, 0, 16, 14 ], "texture": "#shoe" },
        "west":  { "uv": [ 0, 0, 1.5, 9 ], "texture": "#shoe" },
        "east":  { "uv": [ 14, 0, 16, 8.5 ], "texture": "#shoe" }
    }
},
{
    "__comment": "Right2",
    "from": [ 17.8125, 5, 8.75 ],
    "to": [ 21.1875, 6, 12.1875 ],
    "faces": {
        "up":    { "uv": [ 0, 14, 16, 16 ], "texture": "#shoe" },
        "north": { "uv": [ 0, 14, 16, 16 ], "texture": "#shoe" },
        "south": { "uv": [ 0, 14, 16, 16 ], "texture": "#shoe" },
        "west":  { "uv": [ 0, 14, 16, 16 ], "texture": "#shoe" },
        "east":  { "uv": [ 0, 14, 16, 16 ], "texture": "#shoe" }
    }
},
{
    "__comment": "Right2",
    "from": [ 18, 5, 4 ],
    "to": [ 21, 6.5, 9 ],
    "faces": {
        "up":    { "uv": [ 16, 4, 16, 9 ], "texture": "#shoe" },
        "north": { "uv": [ 0, 9.5, 0, 11 ], "texture": "#shoe" },
        "south": { "uv": [ 16, 9.5, 16, 11 ], "texture": "#shoe" },
        "west":  { "uv": [ 4, 9.5, 9, 11 ], "texture": "#shoe" },
        "east":  { "uv": [ 7, 9.5, 12, 11 ], "texture": "#shoe" }
    }
},
{
    "__comment": "Right2",
    "from": [ 19, 6.5, 6.5 ],
    "to": [ 21, 7.5, 9 ],
    "faces": {
        "up":    { "uv": [ 16, 6.5, 16, 9 ], "texture": "#shoe" },
        "north": { "uv": [ 0, 8.5, 0, 9.5 ], "texture": "#shoe" },
        "west":  { "uv": [ 6.5, 8.5, 9, 9.5 ], "texture": "#shoe" },
        "east":  { "uv": [ 7, 8.5, 9.5, 9.5 ], "texture": "#shoe" }
    }
},
{
    "__comment": "Left3",
    "from": [ -14.5, 14.5, 9 ],
    "to": [ -11.5, 17.5, 12 ],
    "faces": {
        "down":  { "uv": [ 0, 0, 16, 16 ], "texture": "#shoe" },
        "up":    { "uv": [ 5.5, 11.5, 7.5, 13.5 ], "texture": "#shoe" },
        "north": { "uv": [ 0, 0, 16, 16 ], "texture": "#shoe" },
        "south": { "uv": [ 0, 0, 16, 14 ], "texture": "#shoe" },
        "west":  { "uv": [ 13.5, 0.5, 16, 7.5 ], "texture": "#shoe" },
        "east":  { "uv": [ 0, 0, 1.5, 10 ], "texture": "#shoe" }
    }
},
{
    "__comment": "Left3",
    "from": [ -14.6875, 14, 8.75 ],
    "to": [ -11.3125, 15, 12.1875 ],
    "faces": {
        "up":    { "uv": [ 0, 14, 16, 16 ], "texture": "#shoe" },
        "north": { "uv": [ 0, 14, 16, 16 ], "texture": "#shoe" },
        "south": { "uv": [ 0, 14, 16, 16 ], "texture": "#shoe" },
        "west":  { "uv": [ 0, 14, 16, 16 ], "texture": "#shoe" },
        "east":  { "uv": [ 0, 14, 16, 16 ], "texture": "#shoe" }
    }
},
{
    "__comment": "Left3",
    "from": [ -14.5, 14, 4 ],
    "to": [ -11.5, 15.5, 9 ],
    "faces": {
        "up":    { "uv": [ 0, 0, 3, 5 ], "texture": "#shoe" },
        "north": { "uv": [ 0, 18.5, 3, 20 ], "texture": "#shoe" },
        "south": { "uv": [ 0, 18.5, 3, 20 ], "texture": "#shoe" },
        "west":  { "uv": [ 4, 18.5, 9, 20 ], "texture": "#shoe" },
        "east":  { "uv": [ 4, 18.5, 9, 20 ], "texture": "#shoe" }
    }
},
{
    "__comment": "Left3",
    "from": [ -13.5, 15.5, 6.5 ],
    "to": [ -11.5, 16.5, 9 ],
    "faces": {
        "up":    { "uv": [ 0, 6.5, 0, 9 ], "texture": "#shoe" },
        "north": { "uv": [ 16, 0, 16, 0.5 ], "texture": "#shoe" },
        "west":  { "uv": [ 6.5, 0, 9, 0.5 ], "texture": "#shoe" },
        "east":  { "uv": [ 7, 0, 9.5, 0.5 ], "texture": "#shoe" }
    }
},
{
    "__comment": "Right3",
    "from": [ -11, 14.5, 9 ],
    "to": [ -8, 17.5, 12 ],
    "faces": {
        "down":  { "uv": [ 0, 0, 16, 16 ], "texture": "#shoe" },
        "up":    { "uv": [ 7.5, 11.5, 9.5, 13.5 ], "texture": "#shoe" },
        "north": { "uv": [ 0, 0, 16, 16 ], "texture": "#shoe" },
        "south": { "uv": [ 0, 0, 16, 14 ], "texture": "#shoe" },
        "west":  { "uv": [ 0, 0, 1.5, 9 ], "texture": "#shoe" },
        "east":  { "uv": [ 14, 0, 16, 8.5 ], "texture": "#shoe" }
    }
},
{
    "__comment": "Right3",
    "from": [ -11.1875, 14, 8.75 ],
    "to": [ -7.8125, 15, 12.1875 ],
    "faces": {
        "up":    { "uv": [ 0, 14, 16, 16 ], "texture": "#shoe" },
        "north": { "uv": [ 0, 14, 16, 16 ], "texture": "#shoe" },
        "south": { "uv": [ 0, 14, 16, 16 ], "texture": "#shoe" },
        "west":  { "uv": [ 0, 14, 16, 16 ], "texture": "#shoe" },
        "east":  { "uv": [ 0, 14, 16, 16 ], "texture": "#shoe" }
    }
},
{
    "__comment": "Right3",
    "from": [ -11, 14, 4 ],
    "to": [ -8, 15.5, 9 ],
    "faces": {
        "up":    { "uv": [ 0, 4, 0, 9 ], "texture": "#shoe" },
        "north": { "uv": [ 16, 0.5, 16, 2 ], "texture": "#shoe" },
        "south": { "uv": [ 0, 0.5, 0, 2 ], "texture": "#shoe" },
        "west":  { "uv": [ 4, 0.5, 9, 2 ], "texture": "#shoe" },
        "east":  { "uv": [ 7, 0.5, 12, 2 ], "texture": "#shoe" }
    }
},
{
    "__comment": "Right3",
    "from": [ -10, 15.5, 6.5 ],
    "to": [ -8, 16.5, 9 ],
    "faces": {
        "up":    { "uv": [ 0, 6.5, 0, 9 ], "texture": "#shoe" },
        "north": { "uv": [ 16, 0, 16, 0.5 ], "texture": "#shoe" },
        "west":  { "uv": [ 6.5, 0, 9, 0.5 ], "texture": "#shoe" },
        "east":  { "uv": [ 7, 0, 9.5, 0.5 ], "texture": "#shoe" }
    }
},
{
    "__comment": "Left4",
    "from": [ 4.5, 23.5, 9 ],
    "to": [ 7.5, 26.5, 12 ],
    "faces": {
        "down":  { "uv": [ 0, 0, 16, 16 ], "texture": "#shoe" },
        "up":    { "uv": [ 5.5, 11.5, 7.5, 13.5 ], "texture": "#shoe" },
        "north": { "uv": [ 0, 0, 16, 16 ], "texture": "#shoe" },
        "south": { "uv": [ 0, 0, 16, 14 ], "texture": "#shoe" },
        "west":  { "uv": [ 13.5, 0.5, 16, 7.5 ], "texture": "#shoe" },
        "east":  { "uv": [ 0, 0, 1.5, 10 ], "texture": "#shoe" }
    }
},
{
    "__comment": "Left4",
    "from": [ 4.3125, 23, 8.75 ],
    "to": [ 7.6875, 24, 12.1875 ],
    "faces": {
        "up":    { "uv": [ 0, 14, 16, 16 ], "texture": "#shoe" },
        "north": { "uv": [ 0, 14, 16, 16 ], "texture": "#shoe" },
        "south": { "uv": [ 0, 14, 16, 16 ], "texture": "#shoe" },
        "west":  { "uv": [ 0, 14, 16, 16 ], "texture": "#shoe" },
        "east":  { "uv": [ 0, 14, 16, 16 ], "texture": "#shoe" }
    }
},
{
    "__comment": "Left4",
    "from": [ 4.5, 23, 4 ],
    "to": [ 7.5, 24.5, 9 ],
    "faces": {
        "up":    { "uv": [ 0, 0, 3, 5 ], "texture": "#shoe" },
        "north": { "uv": [ 0, 18.5, 3, 20 ], "texture": "#shoe" },
        "south": { "uv": [ 0, 18.5, 3, 20 ], "texture": "#shoe" },
        "west":  { "uv": [ 4, 18.5, 9, 20 ], "texture": "#shoe" },
        "east":  { "uv": [ 4, 18.5, 9, 20 ], "texture": "#shoe" }
    }
},
{
    "__comment": "Left4",
    "from": [ 5.5, 24.5, 6.5 ],
    "to": [ 7.5, 25.5, 9 ],
    "faces": {
        "up":    { "uv": [ 5.5, 6.5, 7.5, 9 ], "texture": "#shoe" },
        "north": { "uv": [ 8.5, 0, 10.5, 0 ], "texture": "#shoe" },
        "west":  { "uv": [ 6.5, 0, 9, 0 ], "texture": "#shoe" },
        "east":  { "uv": [ 7, 0, 9.5, 0 ], "texture": "#shoe" }
    }
},
{
    "__comment": "Right4",
    "from": [ 8, 23.5, 9 ],
    "to": [ 11, 26.5, 12 ],
    "faces": {
        "down":  { "uv": [ 0, 0, 16, 16 ], "texture": "#shoe" },
        "up":    { "uv": [ 7.5, 11.5, 9.5, 13.5 ], "texture": "#shoe" },
        "north": { "uv": [ 0, 0, 16, 16 ], "texture": "#shoe" },
        "south": { "uv": [ 0, 0, 16, 14 ], "texture": "#shoe" },
        "west":  { "uv": [ 0, 0, 1.5, 9 ], "texture": "#shoe" },
        "east":  { "uv": [ 14, 0, 16, 8.5 ], "texture": "#shoe" }
    }
},
{
    "__comment": "Right4",
    "from": [ 7.8125, 23, 8.75 ],
    "to": [ 11.1875, 24, 12.1875 ],
    "faces": {
        "up":    { "uv": [ 0, 14, 16, 16 ], "texture": "#shoe" },
        "north": { "uv": [ 0, 14, 16, 16 ], "texture": "#shoe" },
        "south": { "uv": [ 0, 14, 16, 16 ], "texture": "#shoe" },
        "west":  { "uv": [ 0, 14, 16, 16 ], "texture": "#shoe" },
        "east":  { "uv": [ 0, 14, 16, 16 ], "texture": "#shoe" }
    }
},
{
    "__comment": "Right4",
    "from": [ 8, 23, 4 ],
    "to": [ 11, 24.5, 9 ],
    "faces": {
        "up":    { "uv": [ 8, 4, 11, 9 ], "texture": "#shoe" },
        "north": { "uv": [ 5, 0, 8, 0 ], "texture": "#shoe" },
        "south": { "uv": [ 8, 0, 11, 0 ], "texture": "#shoe" },
        "west":  { "uv": [ 4, 0, 9, 0 ], "texture": "#shoe" },
        "east":  { "uv": [ 7, 0, 12, 0 ], "texture": "#shoe" }
    }
},
{
    "__comment": "Right4",
    "from": [ 9, 24.5, 6.5 ],
    "to": [ 11, 25.5, 9 ],
    "faces": {
        "up":    { "uv": [ 9, 6.5, 11, 9 ], "texture": "#shoe" },
        "north": { "uv": [ 5, 0, 7, 0 ], "texture": "#shoe" },
        "west":  { "uv": [ 6.5, 0, 9, 0 ], "texture": "#shoe" },
        "east":  { "uv": [ 7, 0, 9.5, 0 ], "texture": "#shoe" }
    }
},
{
    "__comment": "Left5",
    "from": [ 23.5, -12.5, 9 ],
    "to": [ 26.5, -9.5, 12 ],
    "faces": {
        "down":  { "uv": [ 0, 0, 16, 16 ], "texture": "#shoe" },
        "up":    { "uv": [ 5.5, 11.5, 7.5, 13.5 ], "texture": "#shoe" },
        "north": { "uv": [ 0, 0, 16, 16 ], "texture": "#shoe" },
        "south": { "uv": [ 0, 0, 16, 14 ], "texture": "#shoe" },
        "west":  { "uv": [ 13.5, 0.5, 16, 7.5 ], "texture": "#shoe" },
        "east":  { "uv": [ 0, 0, 1.5, 10 ], "texture": "#shoe" }
    }
},
{
    "__comment": "Left5",
    "from": [ 23.3125, -13, 8.75 ],
    "to": [ 26.6875, -12, 12.1875 ],
    "faces": {
        "up":    { "uv": [ 0, 14, 16, 16 ], "texture": "#shoe" },
        "north": { "uv": [ 0, 14, 16, 16 ], "texture": "#shoe" },
        "south": { "uv": [ 0, 14, 16, 16 ], "texture": "#shoe" },
        "west":  { "uv": [ 0, 14, 16, 16 ], "texture": "#shoe" },
        "east":  { "uv": [ 0, 14, 16, 16 ], "texture": "#shoe" }
    }
},
{
    "__comment": "Left5",
    "from": [ 23.5, -13, 4 ],
    "to": [ 26.5, -11.5, 9 ],
    "faces": {
        "up":    { "uv": [ 0, 0, 3, 5 ], "texture": "#shoe" },
        "north": { "uv": [ 0, 18.5, 3, 20 ], "texture": "#shoe" },
        "south": { "uv": [ 0, 18.5, 3, 20 ], "texture": "#shoe" },
        "west":  { "uv": [ 4, 18.5, 9, 20 ], "texture": "#shoe" },
        "east":  { "uv": [ 4, 18.5, 9, 20 ], "texture": "#shoe" }
    }
},
{
    "__comment": "Left5",
    "from": [ 24.5, -11.5, 6.5 ],
    "to": [ 26.5, -10.5, 9 ],
    "faces": {
        "up":    { "uv": [ 16, 6.5, 16, 9 ], "texture": "#shoe" },
        "north": { "uv": [ 0, 16, 0, 16 ], "texture": "#shoe" },
        "west":  { "uv": [ 6.5, 16, 9, 16 ], "texture": "#shoe" },
        "east":  { "uv": [ 7, 16, 9.5, 16 ], "texture": "#shoe" }
    }
},
{
    "__comment": "Right5",
    "from": [ 27, -12.5, 9 ],
    "to": [ 30, -9.5, 12 ],
    "faces": {
        "down":  { "uv": [ 0, 0, 16, 16 ], "texture": "#shoe" },
        "up":    { "uv": [ 7.5, 11.5, 9.5, 13.5 ], "texture": "#shoe" },
        "north": { "uv": [ 0, 0, 16, 16 ], "texture": "#shoe" },
        "south": { "uv": [ 0, 0, 16, 14 ], "texture": "#shoe" },
        "west":  { "uv": [ 0, 0, 1.5, 9 ], "texture": "#shoe" },
        "east":  { "uv": [ 14, 0, 16, 8.5 ], "texture": "#shoe" }
    }
},
{
    "__comment": "Right5",
    "from": [ 26.8125, -13, 8.75 ],
    "to": [ 30.1875, -12, 12.1875 ],
    "faces": {
        "up":    { "uv": [ 0, 14, 16, 16 ], "texture": "#shoe" },
        "north": { "uv": [ 0, 14, 16, 16 ], "texture": "#shoe" },
        "south": { "uv": [ 0, 14, 16, 16 ], "texture": "#shoe" },
        "west":  { "uv": [ 0, 14, 16, 16 ], "texture": "#shoe" },
        "east":  { "uv": [ 0, 14, 16, 16 ], "texture": "#shoe" }
    }
},
{
    "__comment": "Right5",
    "from": [ 27, -13, 4 ],
    "to": [ 30, -11.5, 9 ],
    "faces": {
        "up":    { "uv": [ 16, 4, 16, 9 ], "texture": "#shoe" },
        "north": { "uv": [ 0, 16, 0, 16 ], "texture": "#shoe" },
        "south": { "uv": [ 16, 16, 16, 16 ], "texture": "#shoe" },
        "west":  { "uv": [ 4, 16, 9, 16 ], "texture": "#shoe" },
        "east":  { "uv": [ 7, 16, 12, 16 ], "texture": "#shoe" }
    }
},
{
    "__comment": "Right5",
    "from": [ 28, -11.5, 6.5 ],
    "to": [ 30, -10.5, 9 ],
    "faces": {
        "up":    { "uv": [ 16, 6.5, 16, 9 ], "texture": "#shoe" },
        "north": { "uv": [ 0, 16, 0, 16 ], "texture": "#shoe" },
        "west":  { "uv": [ 6.5, 16, 9, 16 ], "texture": "#shoe" },
        "east":  { "uv": [ 7, 16, 9.5, 16 ], "texture": "#shoe" }
    }
}
]
}