{
"__comment": "Modelled by Merphin with BDcraft Cubik PRO 0.96 Beta - http://bdcraft.net",
"textures": {
    "particle": "blocks/planks_jungle",
    "texture": "blocks/table_pizza",
    "planks_jungle": "blocks/planks_jungle",
    "door_iron_upper": "blocks/door_iron_upper"
},
"elements": [ 
{
    "from": [ 3, 0, 3 ],
    "to": [ 13, 0.5, 13 ],
    "faces": {
        "down":  { "uv": [ 13, 13, 3, 3 ], "texture": "#planks_jungle" },
        "up":    { "uv": [ 3, 3, 13, 13 ], "texture": "#planks_jungle" },
        "north": { "uv": [ 3, 15, 13, 16 ], "texture": "#planks_jungle" },
        "south": { "uv": [ 3, 15, 13, 16 ], "texture": "#planks_jungle" },
        "west":  { "uv": [ 3, 15, 13, 16 ], "texture": "#planks_jungle" },
        "east":  { "uv": [ 3, 15, 13, 16 ], "texture": "#planks_jungle" }
    }
},
{
    "from": [ 4.5, 0.5, 4.5 ],
    "to": [ 5.5, 1.5, 11.5 ],
    "faces": {
        "up":    { "uv": [ 0, 4.5, 1, 11.5 ], "texture": "#texture" },
        "north": { "uv": [ 10.5, 15, 11.5, 16 ], "texture": "#texture" },
        "south": { "uv": [ 10.5, 15, 11.5, 16 ], "texture": "#texture" },
        "west":  { "uv": [ 4.5, 15, 11.5, 16 ], "texture": "#texture" },
        "east":  { "uv": [ 4.5, 15, 11.5, 16 ], "texture": "#texture" }
    }
},
{
    "from": [ 5.5, 0.5, 4.5 ],
    "to": [ 11.5, 1.5, 5.5 ],
    "faces": {
        "up":    { "uv": [ 7, 0, 13, 1 ], "texture": "#texture" },
        "north": { "uv": [ 4, 15, 10, 16 ], "texture": "#texture" },
        "south": { "uv": [ 4, 15, 10, 16 ], "texture": "#texture" },
        "east":  { "uv": [ 10, 15, 11, 16 ], "texture": "#texture" }
    }
},
{
    "from": [ 5.5, 0.5, 10.5 ],
    "to": [ 8.5, 1.5, 11.5 ],
    "faces": {
        "up":    { "uv": [ 7, 0, 10, 1 ], "texture": "#texture" },
        "north": { "uv": [ 8, 15, 11, 16 ], "texture": "#texture" },
        "south": { "uv": [ 8, 15, 11, 16 ], "texture": "#texture" },
        "east":  { "uv": [ 7.5, 15, 8.5, 16 ], "texture": "#texture" }
    }
},
{
    "from": [ 10.5, 0.5, 5.5 ],
    "to": [ 11.5, 1.5, 8 ],
    "faces": {
        "up":    { "uv": [ 15, 4, 16, 6.5 ], "texture": "#texture" },
        "south": { "uv": [ 11, 15, 12, 16 ], "texture": "#texture" },
        "west":  { "uv": [ 5.5, 15, 8, 16 ], "texture": "#texture" },
        "east":  { "uv": [ 5.5, 15, 8, 16 ], "texture": "#texture" }
    }
},
{
    "from": [ 5.5, 0.5, 5.5 ],
    "to": [ 8.5, 1, 10.5 ],
    "faces": {
        "up":    { "uv": [ 5.5, 5.5, 8.5, 10.5 ], "texture": "#texture" },
        "east":  { "uv": [ 5.5, 14.5, 10.5, 15 ], "texture": "#texture" }
    }
},
{
    "from": [ 8.5, 0.5, 5.5 ],
    "to": [ 10.5, 1, 8 ],
    "faces": {
        "up":    { "uv": [ 8.5, 5.5, 10.5, 8 ], "texture": "#texture" },
        "south": { "uv": [ 7.5, 13.5, 9.5, 14 ], "texture": "#texture" }
    }
},
{
    "from": [ 9.5, 0.5, 9.5 ],
    "to": [ 11.5, 1, 12 ],
    "rotation": { "origin": [ 9.5, 0.5, 9.5 ], "axis": "y", "angle": 22.5 },
    "faces": {
        "up":    { "uv": [ 9.5, 8.5, 11.5, 11 ], "texture": "#texture" },
        "north": { "uv": [ 4.5, 2, 6.5, 3 ], "texture": "#texture" },
        "south": { "uv": [ 11, 1.5, 13, 2.5 ], "texture": "#texture" },
        "west":  { "uv": [ 9.5, 1.5, 12, 2.5 ], "texture": "#texture" },
        "east":  { "uv": [ 5.5, 1, 8, 2 ], "texture": "#texture" }
    }
},
{
    "from": [ 10.875, 0.5, 8.9375 ],
    "to": [ 11.875, 1.5, 11.4375 ],
    "rotation": { "origin": [ 10.875, 0.5, 8.9375 ], "axis": "y", "angle": 22.5 },
    "faces": {
        "up":    { "uv": [ 15, 8.5, 16, 11 ], "texture": "#texture" },
        "north": { "uv": [ 3.5, 0, 4.5, 1 ], "texture": "#texture" },
        "south": { "uv": [ 11.5, 0, 12.5, 1 ], "texture": "#texture" },
        "west":  { "uv": [ 8.5, 0, 11, 1 ], "texture": "#texture" },
        "east":  { "uv": [ 5, 0, 7.5, 1 ], "texture": "#texture" }
    }
},
{
    "from": [ 6.5, 0, 0.5 ],
    "to": [ 8, 2.5, 2 ],
    "faces": {
        "down":  { "uv": [ 9, 2, 7.5, 0.5 ], "texture": "#door_iron_upper" },
        "up":    { "uv": [ 9.5, 2, 8, 0.5 ], "texture": "#door_iron_upper" },
        "north": { "uv": [ 6, 11, 7.5, 13.5 ], "texture": "#door_iron_upper" },
        "south": { "uv": [ 0.5, 12, 2, 14.5 ], "texture": "#door_iron_upper" },
        "west":  { "uv": [ 1, 4.5, 2.5, 7 ], "texture": "#door_iron_upper" },
        "east":  { "uv": [ 13, 7.5, 14.5, 10 ], "texture": "#door_iron_upper" }
    }
},
{
    "from": [ 6.75, 2.25, 0.75 ],
    "to": [ 7.75, 2.75, 1.75 ],
    "faces": {
        "down":  { "uv": [ 9.25, 1.75, 8.25, 0.75 ], "texture": "#door_iron_upper" },
        "up":    { "uv": [ 0, 4, 1, 5 ], "texture": "#door_iron_upper" },
        "north": { "uv": [ 0, 5, 1, 5.5 ], "texture": "#door_iron_upper" },
        "south": { "uv": [ 0, 5, 1, 5.5 ], "texture": "#door_iron_upper" },
        "west":  { "uv": [ 0, 5.5, 1, 6 ], "texture": "#door_iron_upper" },
        "east":  { "uv": [ 0, 5.5, 1, 6 ], "texture": "#door_iron_upper" }
    }
},
{
    "from": [ 1.5, 0, 13 ],
    "to": [ 7.5, 1, 14 ],
    "rotation": { "origin": [ 1.5, 0, 13 ], "axis": "y", "angle": -22.5 },
    "faces": {
        "down":  { "uv": [ 0, 4, 1, 5 ], "texture": "#door_iron_upper" },
        "up":    { "uv": [ 0, 4, 1, 5 ], "texture": "#door_iron_upper" },
        "north": { "uv": [ 0, 4, 1, 5 ], "texture": "#door_iron_upper" },
        "south": { "uv": [ 0, 4, 1, 5 ], "texture": "#door_iron_upper" },
        "west":  { "uv": [ 0, 4, 1, 5 ], "texture": "#door_iron_upper" },
        "east":  { "uv": [ 0, 4, 1, 5 ], "texture": "#door_iron_upper" }
    }
},
{
    "from": [ -0.5, 0.1875, 12.5 ],
    "to": [ 2.5, 0.6875, 15.5 ],
    "rotation": { "origin": [ -0.5, 0.1875, 12.5 ], "axis": "y", "angle": 22.5 },
    "faces": {
        "down":  { "uv": [ 16, 14, 13, 11 ], "texture": "#door_iron_upper" },
        "up":    { "uv": [ 13, 13, 16, 16 ], "texture": "#door_iron_upper" },
        "north": { "uv": [ 13, 0, 16, 1 ], "texture": "#door_iron_upper" },
        "south": { "uv": [ 0, 0, 3, 1 ], "texture": "#door_iron_upper" },
        "west":  { "uv": [ 11, 0, 14, 1 ], "texture": "#door_iron_upper" },
        "east":  { "uv": [ 2, 0, 5, 1 ], "texture": "#door_iron_upper" }
    }
}
]
}