{
"__comment": "Modelled by Merphin with BDcraft Cubik PRO 0.96 Beta - http://bdcraft.net",
"textures": {
    "particle": "blocks/anvil_base",
    "texture": "blocks/anvil_base",
    "door_iron_lower": "blocks/door_iron_lower",
    "itemframe_background": "blocks/itemframe_background",
    "planks_jungle": "blocks/planks_jungle",
    "bed_feet_top": "blocks/bed_feet_top"
},
"elements": [ 
{
    "from": [ 2, 0.5, 8 ],
    "to": [ 14, 8.5, 9 ],
    "rotation": { "origin": [ 2, 8.5, 8 ], "axis": "x", "angle": 22.5 },
    "faces": {
        "down":  { "uv": [ 14, 7, 2, 6 ], "texture": "#texture" },
        "up":    { "uv": [ 2, 6, 14, 7 ], "texture": "#texture" },
        "north": { "uv": [ 2, 3, 14, 11 ], "texture": "#texture" },
        "south": { "uv": [ 2, 3, 14, 11 ], "texture": "#texture" },
        "west":  { "uv": [ 6, 3, 7, 11 ], "texture": "#texture" },
        "east":  { "uv": [ 9, 3, 10, 11 ], "texture": "#texture" }
    }
},
{
    "from": [ 1, -0.1875, 7.8125 ],
    "to": [ 15, 9.8125, 8.8125 ],
    "rotation": { "origin": [ 1, 9.8125, 7.8125 ], "axis": "x", "angle": 22.5 },
    "faces": {
        "down":  { "uv": [ 15, 6, 1, 5 ], "texture": "#door_iron_lower" },
        "up":    { "uv": [ 1, 5, 15, 6 ], "texture": "#door_iron_lower" },
        "north": { "uv": [ 1, 2, 15, 12 ], "texture": "#door_iron_lower" },
        "south": { "uv": [ 1, 2, 15, 12 ], "texture": "#door_iron_lower" },
        "west":  { "uv": [ 5, 2, 6, 12 ], "texture": "#door_iron_lower" },
        "east":  { "uv": [ 10, 2, 11, 12 ], "texture": "#door_iron_lower" }
    }
},
{
    "from": [ 7, 3, 7.5 ],
    "to": [ 9, 5, 15 ],
    "rotation": { "origin": [ 7, 5, 7.5 ], "axis": "x", "angle": 45 },
    "faces": {
        "down":  { "uv": [ 9, 16, 7, 7 ], "texture": "#texture" },
        "up":    { "uv": [ 7, 7, 9, 16 ], "texture": "#texture" },
        "north": { "uv": [ 7, 10, 9, 12 ], "texture": "#texture" },
        "south": { "uv": [ 7, 10, 9, 12 ], "texture": "#texture" },
        "west":  { "uv": [ 7, 10, 16, 12 ], "texture": "#texture" },
        "east":  { "uv": [ 0, 10, 9, 12 ], "texture": "#texture" }
    }
},
{
    "from": [ 2, 0, 11.5 ],
    "to": [ 3, 12, 12.5 ],
    "rotation": { "origin": [ 2, 0, 11.5 ], "axis": "y", "angle": 22.5 },
    "faces": {
        "down":  { "uv": [ 14, 12.5, 13, 11.5 ], "texture": "#texture" },
        "up":    { "uv": [ 2, 11.5, 3, 12.5 ], "texture": "#texture" },
        "north": { "uv": [ 13, 4, 14, 16 ], "texture": "#texture" },
        "south": { "uv": [ 2, 4, 3, 16 ], "texture": "#texture" },
        "west":  { "uv": [ 11.5, 4, 12.5, 16 ], "texture": "#texture" },
        "east":  { "uv": [ 3.5, 4, 4.5, 16 ], "texture": "#texture" }
    }
},
{
    "from": [ 0.5, 11.5, 11.75 ],
    "to": [ 4.5, 14, 13.25 ],
    "rotation": { "origin": [ 0.5, 11.5, 11.75 ], "axis": "y", "angle": 22.5 },
    "faces": {
        "down":  { "uv": [ 15.5, 14.5, 11.5, 13.5 ], "texture": "#door_iron_lower" },
        "up":    { "uv": [ 0.5, 13.5, 4.5, 14.5 ], "texture": "#door_iron_lower" },
        "north": { "uv": [ 12, 13.5, 16, 16 ], "texture": "#door_iron_lower" },
        "south": { "uv": [ 12, 13.5, 16, 16 ], "texture": "#door_iron_lower" },
        "west":  { "uv": [ 13.5, 2, 14.5, 4.5 ], "texture": "#door_iron_lower" },
        "east":  { "uv": [ 1.5, 2, 2.5, 4.5 ], "texture": "#door_iron_lower" }
    }
},
{
    "from": [ 11, 0, 10 ],
    "to": [ 15, 1, 14 ],
    "faces": {
        "down":  { "uv": [ 5, 14, 1, 10 ], "texture": "#itemframe_background" },
        "up":    { "uv": [ 11, 10, 15, 14 ], "texture": "#itemframe_background" },
        "north": { "uv": [ 2, 13, 6, 14 ], "texture": "#itemframe_background" },
        "south": { "uv": [ 10.5, 13.5, 14.5, 14.5 ], "texture": "#itemframe_background" },
        "west":  { "uv": [ 8.5, 13, 12.5, 14 ], "texture": "#itemframe_background" },
        "east":  { "uv": [ 2.5, 13, 6.5, 14 ], "texture": "#itemframe_background" }
    }
},
{
    "from": [ 11, 1, 10 ],
    "to": [ 11.5, 5, 14 ],
    "faces": {
        "up":    { "uv": [ 11, 10, 11.5, 14 ], "texture": "#itemframe_background" },
        "north": { "uv": [ 4.5, 11, 5, 15 ], "texture": "#itemframe_background" },
        "south": { "uv": [ 11, 11, 11.5, 15 ], "texture": "#itemframe_background" },
        "west":  { "uv": [ 10, 11, 14, 15 ], "texture": "#itemframe_background" },
        "east":  { "uv": [ 2, 11, 6, 15 ], "texture": "#itemframe_background" }
    }
},
{
    "from": [ 14.5, 1, 10 ],
    "to": [ 15, 5, 14 ],
    "faces": {
        "up":    { "uv": [ 14.5, 10, 15, 14 ], "texture": "#itemframe_background" },
        "north": { "uv": [ 1, 11, 1.5, 15 ], "texture": "#itemframe_background" },
        "south": { "uv": [ 14.5, 11, 15, 15 ], "texture": "#itemframe_background" },
        "west":  { "uv": [ 10, 11, 14, 15 ], "texture": "#itemframe_background" },
        "east":  { "uv": [ 2, 11, 6, 15 ], "texture": "#itemframe_background" }
    }
},
{
    "from": [ 11.5, 1, 10 ],
    "to": [ 14.5, 5, 10.5 ],
    "faces": {
        "up":    { "uv": [ 11.5, 10, 14.5, 10.5 ], "texture": "#itemframe_background" },
        "north": { "uv": [ 1.5, 11, 4.5, 15 ], "texture": "#itemframe_background" },
        "south": { "uv": [ 11.5, 11, 14.5, 15 ], "texture": "#itemframe_background" }
    }
},
{
    "from": [ 11.5, 1, 13.5 ],
    "to": [ 14.5, 5, 14 ],
    "faces": {
        "up":    { "uv": [ 11.5, 13.5, 14.5, 14 ], "texture": "#itemframe_background" },
        "north": { "uv": [ 1.5, 11, 4.5, 15 ], "texture": "#itemframe_background" },
        "south": { "uv": [ 11.5, 11, 14.5, 15 ], "texture": "#itemframe_background" }
    }
},
{
    "from": [ 15.5, 0.5, 12.5 ],
    "to": [ 16, 8.5, 13 ],
    "rotation": { "origin": [ 15.5, 8.5, 12.5 ], "axis": "z", "angle": -22.5 },
    "faces": {
        "down":  { "uv": [ 0, 13, 0, 12.5 ], "texture": "#door_iron_lower" },
        "up":    { "uv": [ 16, 12.5, 16, 13 ], "texture": "#door_iron_lower" },
        "north": { "uv": [ 0, 8, 0, 14.5 ], "texture": "#door_iron_lower" },
        "south": { "uv": [ 16, 8, 16, 14.5 ], "texture": "#door_iron_lower" },
        "west":  { "uv": [ 12.5, 8, 13, 14.5 ], "texture": "#door_iron_lower" },
        "east":  { "uv": [ 3, 8, 3.5, 14.5 ], "texture": "#door_iron_lower" }
    }
},
{
    "from": [ 12, 1, 12.9413 ],
    "to": [ 12.5, 9, 13.4413 ],
    "rotation": { "origin": [ 12, 1, 12.9413 ], "axis": "y", "angle": 22.5 },
    "faces": {
        "up":    { "uv": [ 13, 16, 13.5, 16 ], "texture": "#bed_feet_top" },
        "north": { "uv": [ 2.5, 7, 3, 15 ], "texture": "#bed_feet_top" },
        "south": { "uv": [ 13, 7, 13.5, 15 ], "texture": "#bed_feet_top" },
        "west":  { "uv": [ 16, 7, 16, 15 ], "texture": "#bed_feet_top" },
        "east":  { "uv": [ 0, 7, 0, 15 ], "texture": "#bed_feet_top" }
    }
},
{
    "from": [ 13, 0.5, 9 ],
    "to": [ 13.5, 8.5, 9.5 ],
    "rotation": { "origin": [ 13, 8.5, 9 ], "axis": "x", "angle": -22.5 },
    "faces": {
        "down":  { "uv": [ 0, 11.5, 0, 11 ], "texture": "#planks_jungle" },
        "up":    { "uv": [ 16, 11, 16, 11.5 ], "texture": "#planks_jungle" },
        "south": { "uv": [ 16, 0, 16, 2 ], "texture": "#planks_jungle" },
        "west":  { "uv": [ 11, 0, 11.5, 2 ], "texture": "#planks_jungle" },
        "east":  { "uv": [ 4.5, 0, 5, 2 ], "texture": "#planks_jungle" }
    }
}
]
}