{
"__comment": "Modelled by Merphin with BDcraft Cubik PRO 0.96 Beta - http://bdcraft.net",
"textures": {
    "particle": "blocks/bar_glass",
    "texture": "blocks/bar_glass",
    "planks_oak": "blocks/planks_oak",
    "double_plant_sunflower_front": "blocks/double_plant_sunflower_front",
    "cake_top": "blocks/cake_top"
},
"elements": [ 
{
    "from": [ 10, 0, 1.5 ],
    "to": [ 13.5, 1, 5 ],
    "faces": {
        "down":  { "uv": [ 6, 5, 2.5, 1.5 ], "texture": "#texture" },
        "up":    { "uv": [ 10, 1.5, 13.5, 5 ], "texture": "#texture" },
        "north": { "uv": [ 2.5, 15, 6, 16 ], "texture": "#texture" },
        "south": { "uv": [ 10, 15, 13.5, 16 ], "texture": "#texture" },
        "west":  { "uv": [ 1.5, 15, 5, 16 ], "texture": "#texture" },
        "east":  { "uv": [ 11, 15, 14.5, 16 ], "texture": "#texture" }
    }
},
{
    "from": [ 10, 1, 1.5 ],
    "to": [ 10.5, 5, 5 ],
    "faces": {
        "up":    { "uv": [ 10, 1.5, 10.5, 5 ], "texture": "#texture" },
        "north": { "uv": [ 5.5, 11, 6, 15 ], "texture": "#texture" },
        "south": { "uv": [ 10, 11, 10.5, 15 ], "texture": "#texture" },
        "west":  { "uv": [ 1.5, 11, 5, 15 ], "texture": "#texture" },
        "east":  { "uv": [ 11, 11, 14.5, 15 ], "texture": "#texture" }
    }
},
{
    "from": [ 13, 1, 1.5 ],
    "to": [ 13.5, 5, 5 ],
    "faces": {
        "up":    { "uv": [ 13, 1.5, 13.5, 5 ], "texture": "#texture" },
        "north": { "uv": [ 2.5, 11, 3, 15 ], "texture": "#texture" },
        "south": { "uv": [ 13, 11, 13.5, 15 ], "texture": "#texture" },
        "west":  { "uv": [ 1.5, 11, 5, 15 ], "texture": "#texture" },
        "east":  { "uv": [ 11, 11, 14.5, 15 ], "texture": "#texture" }
    }
},
{
    "from": [ 10.5, 1, 1.5 ],
    "to": [ 13, 5, 2 ],
    "faces": {
        "up":    { "uv": [ 10.5, 1.5, 13, 2 ], "texture": "#texture" },
        "north": { "uv": [ 3, 11, 5.5, 15 ], "texture": "#texture" },
        "south": { "uv": [ 10.5, 11, 13, 15 ], "texture": "#texture" }
    }
},
{
    "from": [ 10.5, 1, 4.5 ],
    "to": [ 13, 5, 5 ],
    "faces": {
        "up":    { "uv": [ 10.5, 4.5, 13, 5 ], "texture": "#texture" },
        "north": { "uv": [ 3, 11, 5.5, 15 ], "texture": "#texture" },
        "south": { "uv": [ 10.5, 11, 13, 15 ], "texture": "#texture" }
    }
},
{
    "from": [ 2, 0, 7 ],
    "to": [ 5.5, 1, 10.5 ],
    "faces": {
        "down":  { "uv": [ 14, 10.5, 10.5, 7 ], "texture": "#texture" },
        "up":    { "uv": [ 2, 7, 5.5, 10.5 ], "texture": "#texture" },
        "north": { "uv": [ 10.5, 15, 14, 16 ], "texture": "#texture" },
        "south": { "uv": [ 2, 15, 5.5, 16 ], "texture": "#texture" },
        "west":  { "uv": [ 7, 15, 10.5, 16 ], "texture": "#texture" },
        "east":  { "uv": [ 5.5, 15, 9, 16 ], "texture": "#texture" }
    }
},
{
    "from": [ 2, 1, 7 ],
    "to": [ 2.5, 5, 10.5 ],
    "faces": {
        "up":    { "uv": [ 2, 7, 2.5, 10.5 ], "texture": "#texture" },
        "north": { "uv": [ 13.5, 11, 14, 15 ], "texture": "#texture" },
        "south": { "uv": [ 2, 11, 2.5, 15 ], "texture": "#texture" },
        "west":  { "uv": [ 7, 11, 10.5, 15 ], "texture": "#texture" },
        "east":  { "uv": [ 5.5, 11, 9, 15 ], "texture": "#texture" }
    }
},
{
    "from": [ 5, 1, 7 ],
    "to": [ 5.5, 5, 10.5 ],
    "faces": {
        "up":    { "uv": [ 5, 7, 5.5, 10.5 ], "texture": "#texture" },
        "north": { "uv": [ 10.5, 11, 11, 15 ], "texture": "#texture" },
        "south": { "uv": [ 5, 11, 5.5, 15 ], "texture": "#texture" },
        "west":  { "uv": [ 7, 11, 10.5, 15 ], "texture": "#texture" },
        "east":  { "uv": [ 5.5, 11, 9, 15 ], "texture": "#texture" }
    }
},
{
    "from": [ 2.5, 1, 7 ],
    "to": [ 5, 5, 7.5 ],
    "faces": {
        "up":    { "uv": [ 2.5, 7, 5, 7.5 ], "texture": "#texture" },
        "north": { "uv": [ 11, 11, 13.5, 15 ], "texture": "#texture" },
        "south": { "uv": [ 2.5, 11, 5, 15 ], "texture": "#texture" }
    }
},
{
    "from": [ 2.5, 1, 10 ],
    "to": [ 5, 5, 10.5 ],
    "faces": {
        "up":    { "uv": [ 2.5, 10, 5, 10.5 ], "texture": "#texture" },
        "north": { "uv": [ 11, 11, 13.5, 15 ], "texture": "#texture" },
        "south": { "uv": [ 2.5, 11, 5, 15 ], "texture": "#texture" }
    }
},
{
    "from": [ 3, 0.5, 11 ],
    "to": [ 3.5, 8.5, 11.5 ],
    "rotation": { "origin": [ 3, 8.5, 11 ], "axis": "x", "angle": 22.5 },
    "faces": {
        "down":  { "uv": [ 7.5, 10, 7, 9.5 ], "texture": "#cake_top" },
        "up":    { "uv": [ 8, 9.5, 8.5, 10 ], "texture": "#cake_top" },
        "north": { "uv": [ 8.5, 6, 9, 14 ], "texture": "#cake_top" },
        "south": { "uv": [ 8.5, 6, 9, 14 ], "texture": "#cake_top" },
        "west":  { "uv": [ 8, 6, 8.5, 14 ], "texture": "#cake_top" },
        "east":  { "uv": [ 8, 6, 8.5, 14 ], "texture": "#cake_top" }
    }
},
{
    "from": [ 10.5, 1, 2 ],
    "to": [ 13, 2, 4.5 ],
    "faces": {
        "up":    { "uv": [ 11, 3, 12.5, 4 ], "texture": "#planks_oak" }
    }
},
{
    "from": [ 13, 3.5, 0 ],
    "to": [ 13.5, 6.5, 3 ],
    "rotation": { "origin": [ 13, 3.5, 0 ], "axis": "y", "angle": -22.5 },
    "faces": {
        "down":  { "uv": [ 9, 11.5, 8.5, 9 ], "texture": "#double_plant_sunflower_front" },
        "up":    { "uv": [ 7.5, 6.5, 8, 9 ], "texture": "#double_plant_sunflower_front" },
        "north": { "uv": [ 7.5, 6.5, 8, 9 ], "texture": "#double_plant_sunflower_front" },
        "south": { "uv": [ 8.5, 9, 9, 11.5 ], "texture": "#double_plant_sunflower_front" },
        "west":  { "uv": [ 8.5, 8.5, 10, 10 ], "texture": "#double_plant_sunflower_front" },
        "east":  { "uv": [ 6, 8.5, 7.5, 10 ], "texture": "#double_plant_sunflower_front" }
    }
},
{
    "from": [ 7, -0.0625, 14 ],
    "to": [ 11, 0.1875, 18 ],
    "rotation": { "origin": [ 7, -0.0625, 14 ], "axis": "y", "angle": 22.5 },
    "faces": {
        "down":  { "uv": [ 6.5, 14, 2.5, 10 ], "texture": "#planks_oak" },
        "up":    { "uv": [ 9.5, 10, 13.5, 14 ], "texture": "#planks_oak" },
        "north": { "uv": [ 2.5, 15.5, 6.5, 16 ], "texture": "#planks_oak" },
        "south": { "uv": [ 9.5, 15.5, 13.5, 16 ], "texture": "#planks_oak" },
        "west":  { "uv": [ 10, 15.5, 14, 16 ], "texture": "#planks_oak" },
        "east":  { "uv": [ 2, 15.5, 6, 16 ], "texture": "#planks_oak" }
    }
}
]
}