{
"__comment": "Modelled by Merphin with BDcraft Cubik PRO 0.96 Beta - http://bdcraft.net",
"textures": {
    "particle": "blocks/beacon",
    "glass": "blocks/bar_glass",
    "double_plant_sunflower_front": "blocks/double_plant_sunflower_front"
},
"elements": [ 
{
    "__comment": "Glass4",
    "from": [ 5, 2, 4.5 ],
    "to": [ 5.5, 5, 5 ],
    "faces": {
        "down":  { "uv": [ 4, 16, 3.5, 16 ], "texture": "#glass" },
        "north": { "uv": [ 12.5, 16, 12, 16 ], "texture": "#glass" },
        "south": { "uv": [ 12, 16, 12.5, 16 ], "texture": "#glass" },
        "west":  { "uv": [ 16, 16, 16, 16 ], "texture": "#glass" },
        "east":  { "uv": [ 16, 16, 16, 16 ], "texture": "#glass" }
    }
},
{
    "__comment": "Glass4",
    "from": [ 5.25, 0, 3.375 ],
    "to": [ 7.25, 2, 5.375 ],
    "rotation": { "origin": [ 5.25, 0, 3.375 ], "axis": "y", "angle": -45 },
    "faces": {
        "up":    { "uv": [ 10.875, 16, 12.875, 16 ], "texture": "#glass" },
        "north": { "uv": [ 12.875, 16, 10.875, 16 ], "texture": "#glass" },
        "south": { "uv": [ 10.875, 16, 12.875, 16 ], "texture": "#glass" },
        "west":  { "uv": [ 16, 16, 16, 16 ], "texture": "#glass" },
        "east":  { "uv": [ 16, 16, 16, 16 ], "texture": "#glass" }
    }
},
{
    "__comment": "Glass4",
    "from": [ 4.5, 5, 4 ],
    "to": [ 6, 5.5, 5.5 ],
    "faces": {
        "down":  { "uv": [ 4.5, 16, 3, 16 ], "texture": "#glass" },
        "north": { "uv": [ 13, 16, 11.5, 16 ], "texture": "#glass" },
        "south": { "uv": [ 11.5, 16, 13, 16 ], "texture": "#glass" },
        "west":  { "uv": [ 16, 16, 16, 16 ], "texture": "#glass" },
        "east":  { "uv": [ 16, 16, 16, 16 ], "texture": "#glass" }
    }
},
{
    "__comment": "Glass4",
    "from": [ 4, 5.5, 3.5 ],
    "to": [ 6.5, 6, 6 ],
    "faces": {
        "down":  { "uv": [ 5, 16, 2.5, 16 ], "texture": "#glass" },
        "north": { "uv": [ 13.5, 16, 11, 16 ], "texture": "#glass" },
        "south": { "uv": [ 11, 16, 13.5, 16 ], "texture": "#glass" },
        "west":  { "uv": [ 16, 16, 16, 16 ], "texture": "#glass" },
        "east":  { "uv": [ 16, 16, 16, 16 ], "texture": "#glass" }
    }
},
{
    "__comment": "Glass4",
    "from": [ 3.5, 6, 3 ],
    "to": [ 7, 6.5, 6.5 ],
    "faces": {
        "down":  { "uv": [ 5.5, 16, 2, 16 ], "texture": "#glass" },
        "up":    { "uv": [ 10.5, 16, 14, 16 ], "texture": "#glass" },
        "north": { "uv": [ 14, 16, 10.5, 16 ], "texture": "#glass" },
        "south": { "uv": [ 10.5, 16, 14, 16 ], "texture": "#glass" },
        "west":  { "uv": [ 16, 16, 16, 16 ], "texture": "#glass" },
        "east":  { "uv": [ 16, 16, 16, 16 ], "texture": "#glass" }
    }
},
{
    "__comment": "Glass4",
    "from": [ 3.5, 6.5, 3 ],
    "to": [ 7, 7.5, 3.5 ],
    "faces": {
        "up":    { "uv": [ 10.5, 16, 14, 16 ], "texture": "#glass" },
        "north": { "uv": [ 14, 16, 10.5, 16 ], "texture": "#glass" },
        "south": { "uv": [ 10.5, 16, 14, 16 ], "texture": "#glass" },
        "west":  { "uv": [ 16, 16, 16, 16 ], "texture": "#glass" },
        "east":  { "uv": [ 16, 16, 16, 16 ], "texture": "#glass" }
    }
},
{
    "__comment": "Glass4",
    "from": [ 3.5, 6.5, 6 ],
    "to": [ 7, 7.5, 6.5 ],
    "faces": {
        "up":    { "uv": [ 10.5, 16, 14, 16 ], "texture": "#glass" },
        "north": { "uv": [ 14, 16, 10.5, 16 ], "texture": "#glass" },
        "south": { "uv": [ 10.5, 16, 14, 16 ], "texture": "#glass" },
        "west":  { "uv": [ 16, 16, 16, 16 ], "texture": "#glass" },
        "east":  { "uv": [ 16, 16, 16, 16 ], "texture": "#glass" }
    }
},
{
    "__comment": "Glass4",
    "from": [ 3, 6.5, 3.5 ],
    "to": [ 4, 7.5, 6 ],
    "faces": {
        "down":  { "uv": [ 6, 16, 5, 16 ], "texture": "#glass" },
        "up":    { "uv": [ 10, 16, 11, 16 ], "texture": "#glass" },
        "north": { "uv": [ 11, 16, 10, 16 ], "texture": "#glass" },
        "south": { "uv": [ 10, 16, 11, 16 ], "texture": "#glass" },
        "west":  { "uv": [ 16, 16, 16, 16 ], "texture": "#glass" },
        "east":  { "uv": [ 16, 16, 16, 16 ], "texture": "#glass" }
    }
},
{
    "__comment": "Glass4",
    "from": [ 6.5, 6.5, 3.5 ],
    "to": [ 7.5, 7.5, 6 ],
    "faces": {
        "down":  { "uv": [ 2.5, 16, 1.5, 16 ], "texture": "#glass" },
        "up":    { "uv": [ 13.5, 16, 14.5, 16 ], "texture": "#glass" },
        "north": { "uv": [ 14.5, 16, 13.5, 16 ], "texture": "#glass" },
        "south": { "uv": [ 13.5, 16, 14.5, 16 ], "texture": "#glass" },
        "west":  { "uv": [ 16, 16, 16, 16 ], "texture": "#glass" },
        "east":  { "uv": [ 16, 16, 16, 16 ], "texture": "#glass" }
    }
},
{
    "__comment": "Glass4",
    "from": [ 4, 6.5, 2.5 ],
    "to": [ 6.5, 7.5, 3 ],
    "faces": {
        "down":  { "uv": [ 5, 16, 2.5, 16 ], "texture": "#glass" },
        "up":    { "uv": [ 11, 16, 13.5, 16 ], "texture": "#glass" },
        "north": { "uv": [ 13.5, 16, 11, 16 ], "texture": "#glass" },
        "west":  { "uv": [ 16, 16, 16, 16 ], "texture": "#glass" },
        "east":  { "uv": [ 16, 16, 16, 16 ], "texture": "#glass" }
    }
},
{
    "__comment": "Glass4",
    "from": [ 4, 6.5, 6.5 ],
    "to": [ 6.5, 7.5, 7 ],
    "faces": {
        "down":  { "uv": [ 5, 16, 2.5, 16 ], "texture": "#glass" },
        "up":    { "uv": [ 11, 16, 13.5, 16 ], "texture": "#glass" },
        "south": { "uv": [ 11, 16, 13.5, 16 ], "texture": "#glass" },
        "west":  { "uv": [ 16, 16, 16, 16 ], "texture": "#glass" },
        "east":  { "uv": [ 16, 16, 16, 16 ], "texture": "#glass" }
    }
},
{
    "from": [ 6, 6.5, 3.5 ],
    "to": [ 8, 8.5, 4 ],
    "rotation": { "origin": [ 6, 6.5, 3.5 ], "axis": "y", "angle": 22.5 },
    "faces": {
        "down":  { "uv": [ 4.5, 7.5, 6.5, 8.5 ], "texture": "#double_plant_sunflower_front" },
        "up":    { "uv": [ 7, 7, 9, 8.5 ], "texture": "#double_plant_sunflower_front" },
        "north": { "uv": [ 6, 8.5, 7.5, 10 ], "rotation": 270, "texture": "#double_plant_sunflower_front" },
        "south": { "uv": [ 6, 8.5, 7.5, 10 ], "texture": "#double_plant_sunflower_front" },
        "west":  { "uv": [ 7.5, 9.5, 8.5, 11.5 ], "texture": "#double_plant_sunflower_front" },
        "east":  { "uv": [ 7, 6.5, 8, 8 ], "texture": "#double_plant_sunflower_front" }
    }
},
{
    "from": [ 4.0625, 6.1875, 3.5 ],
    "to": [ 6.5625, 6.6875, 6 ],
    "faces": {
        "down":  { "uv": [ 11.9375, 6, 9.4375, 3.5 ], "texture": "#particle" },
        "up":    { "uv": [ 4.0625, 3.5, 6.5625, 6 ], "texture": "#particle" },
        "north": { "uv": [ 9.4375, 9.3125, 11.9375, 9.8125 ], "texture": "#particle" },
        "south": { "uv": [ 4.0625, 9.3125, 6.5625, 9.8125 ], "texture": "#particle" },
        "west":  { "uv": [ 3.5, 9.3125, 6, 9.8125 ], "texture": "#particle" },
        "east":  { "uv": [ 10, 9.3125, 12.5, 9.8125 ], "texture": "#particle" }
    }
}
]
}