{
"__comment": "Modelled by Merphin with BDcraft Cubik PRO 0.96 Beta - http://bdcraft.net",
"textures": {
    "particle": "blocks/bar_glass",
    "glass": "blocks/bar_glass",
    "bar_wine": "blocks/bar_wine",
    "table_bot": "blocks/table_bot",
    "bar_table_ornaments": "blocks/bar_table_ornaments"
},
"elements": [ 
{
    "__comment": "Glass4",
    "from": [ 11, 1.5, 10.5 ],
    "to": [ 11.5, 4.5, 11 ],
    "faces": {
        "down":  { "uv": [ 4, 16, 3.5, 16 ], "texture": "#glass" },
        "north": { "uv": [ 12.5, 16, 12, 16 ], "texture": "#glass" },
        "south": { "uv": [ 12, 16, 12.5, 16 ], "texture": "#glass" },
        "west":  { "uv": [ 16, 16, 16, 16 ], "texture": "#glass" },
        "east":  { "uv": [ 16, 16, 16, 16 ], "texture": "#glass" }
    }
},
{
    "__comment": "Glass4",
    "from": [ 11.3125, 0, 9.375 ],
    "to": [ 13.3125, 1.5, 11.375 ],
    "rotation": { "origin": [ 11.3125, 0, 9.375 ], "axis": "y", "angle": -45 },
    "faces": {
        "up":    { "uv": [ 10.875, 16, 12.875, 16 ], "texture": "#glass" },
        "north": { "uv": [ 12.875, 16, 10.875, 16 ], "texture": "#glass" },
        "south": { "uv": [ 10.875, 16, 12.875, 16 ], "texture": "#glass" },
        "west":  { "uv": [ 16, 16, 16, 16 ], "texture": "#glass" },
        "east":  { "uv": [ 16, 16, 16, 16 ], "texture": "#glass" }
    }
},
{
    "__comment": "Glass4",
    "from": [ 10.5, 4.5, 10 ],
    "to": [ 12, 5, 11.5 ],
    "faces": {
        "down":  { "uv": [ 4.5, 16, 3, 16 ], "texture": "#glass" },
        "north": { "uv": [ 13, 16, 11.5, 16 ], "texture": "#glass" },
        "south": { "uv": [ 11.5, 16, 13, 16 ], "texture": "#glass" },
        "west":  { "uv": [ 16, 16, 16, 16 ], "texture": "#glass" },
        "east":  { "uv": [ 16, 16, 16, 16 ], "texture": "#glass" }
    }
},
{
    "__comment": "Glass4",
    "from": [ 10, 5, 9.5 ],
    "to": [ 12.5, 5.5, 12 ],
    "faces": {
        "down":  { "uv": [ 5, 16, 2.5, 16 ], "texture": "#glass" },
        "north": { "uv": [ 13.5, 16, 11, 16 ], "texture": "#glass" },
        "south": { "uv": [ 11, 16, 13.5, 16 ], "texture": "#glass" },
        "west":  { "uv": [ 16, 16, 16, 16 ], "texture": "#glass" },
        "east":  { "uv": [ 16, 16, 16, 16 ], "texture": "#glass" }
    }
},
{
    "__comment": "Glass4",
    "from": [ 9.5, 5.5, 9 ],
    "to": [ 13, 6, 12.5 ],
    "faces": {
        "down":  { "uv": [ 5.5, 16, 2, 16 ], "texture": "#glass" },
        "up":    { "uv": [ 10.5, 16, 14, 16 ], "texture": "#glass" },
        "north": { "uv": [ 14, 16, 10.5, 16 ], "texture": "#glass" },
        "south": { "uv": [ 10.5, 16, 14, 16 ], "texture": "#glass" },
        "west":  { "uv": [ 16, 16, 16, 16 ], "texture": "#glass" },
        "east":  { "uv": [ 16, 16, 16, 16 ], "texture": "#glass" }
    }
},
{
    "__comment": "Glass4",
    "from": [ 9.5, 6, 9 ],
    "to": [ 13, 7, 9.5 ],
    "faces": {
        "up":    { "uv": [ 10.5, 16, 14, 16 ], "texture": "#glass" },
        "north": { "uv": [ 14, 16, 10.5, 16 ], "texture": "#glass" },
        "south": { "uv": [ 10.5, 16, 14, 16 ], "texture": "#glass" },
        "west":  { "uv": [ 16, 16, 16, 16 ], "texture": "#glass" },
        "east":  { "uv": [ 16, 16, 16, 16 ], "texture": "#glass" }
    }
},
{
    "__comment": "Glass4",
    "from": [ 9.5, 6, 12 ],
    "to": [ 13, 7, 12.5 ],
    "faces": {
        "up":    { "uv": [ 10.5, 16, 14, 16 ], "texture": "#glass" },
        "north": { "uv": [ 14, 16, 10.5, 16 ], "texture": "#glass" },
        "south": { "uv": [ 10.5, 16, 14, 16 ], "texture": "#glass" },
        "west":  { "uv": [ 16, 16, 16, 16 ], "texture": "#glass" },
        "east":  { "uv": [ 16, 16, 16, 16 ], "texture": "#glass" }
    }
},
{
    "__comment": "Glass4",
    "from": [ 9, 6, 9.5 ],
    "to": [ 10, 7, 12 ],
    "faces": {
        "down":  { "uv": [ 6, 16, 5, 16 ], "texture": "#glass" },
        "up":    { "uv": [ 10, 16, 11, 16 ], "texture": "#glass" },
        "north": { "uv": [ 11, 16, 10, 16 ], "texture": "#glass" },
        "south": { "uv": [ 10, 16, 11, 16 ], "texture": "#glass" },
        "west":  { "uv": [ 16, 16, 16, 16 ], "texture": "#glass" },
        "east":  { "uv": [ 16, 16, 16, 16 ], "texture": "#glass" }
    }
},
{
    "__comment": "Glass4",
    "from": [ 12.5, 6, 9.5 ],
    "to": [ 13.5, 7, 12 ],
    "faces": {
        "down":  { "uv": [ 2.5, 16, 1.5, 16 ], "texture": "#glass" },
        "up":    { "uv": [ 13.5, 16, 14.5, 16 ], "texture": "#glass" },
        "north": { "uv": [ 14.5, 16, 13.5, 16 ], "texture": "#glass" },
        "south": { "uv": [ 13.5, 16, 14.5, 16 ], "texture": "#glass" },
        "west":  { "uv": [ 16, 16, 16, 16 ], "texture": "#glass" },
        "east":  { "uv": [ 16, 16, 16, 16 ], "texture": "#glass" }
    }
},
{
    "__comment": "Glass4",
    "from": [ 10, 6, 8.5 ],
    "to": [ 12.5, 7, 9 ],
    "faces": {
        "down":  { "uv": [ 5, 16, 2.5, 16 ], "texture": "#glass" },
        "up":    { "uv": [ 11, 16, 13.5, 16 ], "texture": "#glass" },
        "north": { "uv": [ 13.5, 16, 11, 16 ], "texture": "#glass" },
        "west":  { "uv": [ 16, 16, 16, 16 ], "texture": "#glass" },
        "east":  { "uv": [ 16, 16, 16, 16 ], "texture": "#glass" }
    }
},
{
    "__comment": "Glass4",
    "from": [ 10, 6, 12.5 ],
    "to": [ 12.5, 7, 13 ],
    "faces": {
        "down":  { "uv": [ 5, 16, 2.5, 16 ], "texture": "#glass" },
        "up":    { "uv": [ 11, 16, 13.5, 16 ], "texture": "#glass" },
        "south": { "uv": [ 11, 16, 13.5, 16 ], "texture": "#glass" },
        "west":  { "uv": [ 16, 16, 16, 16 ], "texture": "#glass" },
        "east":  { "uv": [ 16, 16, 16, 16 ], "texture": "#glass" }
    }
},
{
    "from": [ 1, 0, 4.5 ],
    "to": [ 4.5, 12, 8 ],
    "rotation": { "origin": [ 1, 0, 4.5 ], "axis": "y", "angle": 22.5 },
    "faces": {
        "down":  { "uv": [ 13, 5, 9, 1 ], "texture": "#bar_wine" },
        "up":    { "uv": [ 4, 0, 8, 4 ], "texture": "#bar_wine" },
        "north": { "uv": [ 8.5, 2, 13.5, 16 ], "texture": "#bar_wine" },
        "south": { "uv": [ 8.5, 2, 13.5, 16 ], "texture": "#bar_wine" },
        "west":  { "uv": [ 3, 2, 8.5, 16 ], "texture": "#bar_wine" },
        "east":  { "uv": [ 3, 2, 8.5, 16 ], "texture": "#bar_wine" }
    }
},
{
    "from": [ 2.6875, 12, 5.1875 ],
    "to": [ 3.6875, 15, 6.1875 ],
    "rotation": { "origin": [ 2.6875, 12, 5.1875 ], "axis": "y", "angle": 22.5 },
    "faces": {
        "up":    { "uv": [ 4, 7, 5, 8 ], "texture": "#bar_wine" },
        "north": { "uv": [ 12.5, 0, 13.5, 1 ], "texture": "#bar_wine" },
        "south": { "uv": [ 2.5, 0, 3.5, 1 ], "texture": "#bar_wine" },
        "west":  { "uv": [ 5, 0, 6, 1 ], "texture": "#bar_wine" },
        "east":  { "uv": [ 10, 0, 11, 1 ], "texture": "#bar_wine" }
    }
},
{
    "from": [ 10, 5.625, 9.5 ],
    "to": [ 12.5, 6.125, 12 ],
    "faces": {
        "down":  { "uv": [ 5.5, 11.5, 4, 10 ], "texture": "#table_bot" },
        "up":    { "uv": [ 10.5, 10, 12, 11.5 ], "texture": "#table_bot" },
        "north": { "uv": [ 4, 0, 5.5, 1 ], "texture": "#table_bot" },
        "south": { "uv": [ 10.5, 0, 12, 1 ], "texture": "#table_bot" },
        "west":  { "uv": [ 10, 0, 11.5, 1 ], "texture": "#table_bot" },
        "east":  { "uv": [ 4.5, 0, 6, 1 ], "texture": "#table_bot" }
    }
},
{
    "from": [ 7, 1, 1 ],
    "to": [ 8, 2, 2.5 ],
    "rotation": { "origin": [ 7, 1, 1 ], "axis": "y", "angle": 22.5 },
    "faces": {
        "down":  { "uv": [ 13.5, 14, 12.5, 13 ], "texture": "#bar_table_ornaments" },
        "up":    { "uv": [ 2.5, 13, 3.5, 14 ], "texture": "#bar_table_ornaments" },
        "north": { "uv": [ 12.5, 0, 13.5, 1.5 ], "texture": "#bar_table_ornaments" },
        "south": { "uv": [ 2.5, 0, 3.5, 1.5 ], "texture": "#bar_table_ornaments" },
        "west":  { "uv": [ 13, 0, 14, 1.5 ], "texture": "#bar_table_ornaments" },
        "east":  { "uv": [ 2, 0, 3, 1.5 ], "texture": "#bar_table_ornaments" }
    }
}
]
}