{
"__comment": "Modelled by Merphin with BDcraft Cubik PRO 0.96 Beta - http://bdcraft.net",
"textures": {
	"particle": "blocks/planks_oak",
    "texture": "blocks/planks_oak",
    "table_menu": "blocks/table_menu",
    "table_menu2": "blocks/table_menu2"
},
"elements": [ 
{
    "from": [ 3, 0, 1 ],
    "to": [ 9, 0.0625, 12 ],
    "rotation": { "origin": [ 3, 0, 1 ], "axis": "y", "angle": -22.5 },
    "faces": {
        "down":  { "uv": [ 12.5, 16, 3.5, 0 ], "texture": "#table_menu" },
        "up":    { "uv": [ 3.5, 0, 12.5, 16 ], "texture": "#table_menu" },
        "north": { "uv": [ 4, 15.5, 10, 16 ], "texture": "#table_menu" },
        "south": { "uv": [ 6, 15.5, 12, 16 ], "texture": "#table_menu" },
        "west":  { "uv": [ 3.5, 15.5, 12.5, 16 ], "texture": "#table_menu" },
        "east":  { "uv": [ 3.5, 15.5, 12.5, 16 ], "texture": "#table_menu" }
    }
},
{
    "from": [ 12, 0, 9.5 ],
    "to": [ 13.5, 1, 13.5 ],
    "rotation": { "origin": [ 12, 0, 9.5 ], "axis": "y", "angle": 22.5 },
    "faces": {
        "down":  { "uv": [ 4, 13.5, 2.5, 9.5 ], "texture": "#texture" },
        "up":    { "uv": [ 12, 9.5, 13.5, 13.5 ], "texture": "#texture" },
        "north": { "uv": [ 2.5, 15, 4, 16 ], "texture": "#texture" },
        "south": { "uv": [ 12, 15, 13.5, 16 ], "texture": "#texture" },
        "west":  { "uv": [ 9.5, 15, 13.5, 16 ], "texture": "#texture" },
        "east":  { "uv": [ 2.5, 15, 6.5, 16 ], "texture": "#texture" }
    }
},
{
    "from": [ 12, 1, 9.5 ],
    "to": [ 12.5, 2, 13.5 ],
    "rotation": { "origin": [ 12, 1, 9.5 ], "axis": "y", "angle": 22.5 },
    "faces": {
        "down":  { "uv": [ 4, 8, 3.5, 4 ], "texture": "#texture" },
        "up":    { "uv": [ 12, 4, 12.5, 8 ], "texture": "#texture" },
        "north": { "uv": [ 3.5, 14, 4, 15 ], "texture": "#texture" },
        "south": { "uv": [ 12, 14, 12.5, 15 ], "texture": "#texture" },
        "west":  { "uv": [ 4, 14, 8, 15 ], "texture": "#texture" },
        "east":  { "uv": [ 8, 14, 12, 15 ], "texture": "#texture" }
    }
},
{
    "from": [ 12.9375, 1, 9.125 ],
    "to": [ 13.4375, 2, 13.125 ],
    "rotation": { "origin": [ 12.9375, 1, 9.125 ], "axis": "y", "angle": 22.5 },
    "faces": {
        "down":  { "uv": [ 3, 8, 2.5, 4 ], "texture": "#texture" },
        "up":    { "uv": [ 13, 4, 13.5, 8 ], "texture": "#texture" },
        "north": { "uv": [ 2.5, 14, 3, 15 ], "texture": "#texture" },
        "south": { "uv": [ 13, 14, 13.5, 15 ], "texture": "#texture" },
        "west":  { "uv": [ 4, 14, 8, 15 ], "texture": "#texture" },
        "east":  { "uv": [ 8, 14, 12, 15 ], "texture": "#texture" }
    }
},
{
    "from": [ 12.6875, 1, 9.1875 ],
    "to": [ 12.75, 8.5, 13.1875 ],
    "rotation": { "origin": [ 12.6875, 1, 9.1875 ], "axis": "y", "angle": 22.5 },
    "faces": {
        "west":  { "uv": [ 4.5, 1.5, 11, 16 ], "texture": "#table_menu2" },
        "east":  { "uv": [ 4.5, 1.5, 11, 16 ], "texture": "#table_menu2" }
    }
}
]
}