{
"__comment": "Designed by Merphin with BDcraft Cubik PRO 0.96 Beta - http://bdcraft.net",
"textures": {
    "texture": "blocks/stone_slab_top",
    "Floor": "blocks/ice_packed"
},
"elements": [ 
{
    "from": [ 0, 15, 5 ],
    "to": [ 14, 16, 11 ],
    "faces": {
        "down":  { "uv": [ 16, 11, 2, 5 ], "texture": "#texture" },
        "up":    { "uv": [ 0, 5, 14, 11 ], "texture": "#texture" },
        "north": { "uv": [ 2, 0, 16, 1 ], "texture": "#texture" },
        "south": { "uv": [ 0, 0, 14, 1 ], "texture": "#texture" },
        "west":  { "uv": [ 5, 0, 11, 1 ], "texture": "#texture" },
        "east":  { "uv": [ 5, 0, 11, 1 ], "texture": "#texture" }
    }
},
{
    "from": [ 0, 16, 4 ],
    "to": [ 14.5, 17, 5 ],
    "faces": {
        "down":  { "uv": [ 16, 5, 1.5, 4 ], "texture": "#texture" },
        "up":    { "uv": [ 0, 4, 14.5, 5 ], "texture": "#texture" },
        "north": { "uv": [ 1.5, 0, 16, 0 ], "texture": "#texture" },
        "south": { "uv": [ 0, 0, 14.5, 0 ], "texture": "#texture" },
        "west":  { "uv": [ 4, 0, 5, 0 ], "texture": "#texture" },
        "east":  { "uv": [ 11, 0, 12, 0 ], "texture": "#texture" }
    }
},
{
    "from": [ 0, 16, 11 ],
    "to": [ 14.5, 17, 12 ],
    "faces": {
        "down":  { "uv": [ 16, 12, 1.5, 11 ], "texture": "#texture" },
        "up":    { "uv": [ 0, 11, 14.5, 12 ], "texture": "#texture" },
        "north": { "uv": [ 1.5, 0, 16, 0 ], "texture": "#texture" },
        "south": { "uv": [ 0, 0, 14.5, 0 ], "texture": "#texture" },
        "west":  { "uv": [ 11, 0, 12, 0 ], "texture": "#texture" },
        "east":  { "uv": [ 4, 0, 5, 0 ], "texture": "#texture" }
    }
},
{
    "from": [ 0, 17, 3.5 ],
    "to": [ 14.5, 19, 4.5 ],
    "faces": {
        "down":  { "uv": [ 16, 4.5, 1.5, 3.5 ], "texture": "#texture" },
        "up":    { "uv": [ 0, 3.5, 14.5, 4.5 ], "texture": "#texture" },
        "north": { "uv": [ 1.5, 0, 16, 0 ], "texture": "#texture" },
        "south": { "uv": [ 0, 0, 14.5, 0 ], "texture": "#texture" },
        "west":  { "uv": [ 3.5, 0, 4.5, 0 ], "texture": "#texture" },
        "east":  { "uv": [ 11.5, 0, 12.5, 0 ], "texture": "#texture" }
    }
},
{
    "from": [ 0, 17, 11.5 ],
    "to": [ 14.5, 19, 12.5 ],
    "faces": {
        "down":  { "uv": [ 16, 12.5, 1.5, 11.5 ], "texture": "#texture" },
        "up":    { "uv": [ 0, 11.5, 14.5, 12.5 ], "texture": "#texture" },
        "north": { "uv": [ 1.5, 0, 16, 0 ], "texture": "#texture" },
        "south": { "uv": [ 0, 0, 14.5, 0 ], "texture": "#texture" },
        "west":  { "uv": [ 11.5, 0, 12.5, 0 ], "texture": "#texture" },
        "east":  { "uv": [ 3.5, 0, 4.5, 0 ], "texture": "#texture" }
    }
},
{
    "from": [ 14, 16, 5 ],
    "to": [ 15, 17, 11 ],
    "faces": {
        "down":  { "uv": [ 2, 11, 1, 5 ], "texture": "#texture" },
        "up":    { "uv": [ 14, 5, 15, 11 ], "texture": "#texture" },
        "north": { "uv": [ 1, 0, 2, 0 ], "texture": "#texture" },
        "south": { "uv": [ 14, 0, 15, 0 ], "texture": "#texture" },
        "west":  { "uv": [ 5, 0, 11, 0 ], "texture": "#texture" },
        "east":  { "uv": [ 5, 0, 11, 0 ], "texture": "#texture" }
    }
},
{
    "from": [ 14.5, 17, 4.5 ],
    "to": [ 15.5, 19, 5.5 ],
    "faces": {
        "down":  { "uv": [ 1.5, 5.5, 0.5, 4.5 ], "texture": "#texture" },
        "up":    { "uv": [ 14.5, 4.5, 15.5, 5.5 ], "texture": "#texture" },
        "north": { "uv": [ 0.5, 0, 1.5, 0 ], "texture": "#texture" },
        "south": { "uv": [ 14.5, 0, 15.5, 0 ], "texture": "#texture" },
        "west":  { "uv": [ 4.5, 0, 5.5, 0 ], "texture": "#texture" },
        "east":  { "uv": [ 10.5, 0, 11.5, 0 ], "texture": "#texture" }
    }
},
{
    "from": [ 14.5, 17, 10.5 ],
    "to": [ 15.5, 19, 11.5 ],
    "faces": {
        "down":  { "uv": [ 1.5, 11.5, 0.5, 10.5 ], "texture": "#texture" },
        "up":    { "uv": [ 14.5, 10.5, 15.5, 11.5 ], "texture": "#texture" },
        "north": { "uv": [ 0.5, 0, 1.5, 0 ], "texture": "#texture" },
        "south": { "uv": [ 14.5, 0, 15.5, 0 ], "texture": "#texture" },
        "west":  { "uv": [ 10.5, 0, 11.5, 0 ], "texture": "#texture" },
        "east":  { "uv": [ 4.5, 0, 5.5, 0 ], "texture": "#texture" }
    }
},
{
    "from": [ 15, 17, 5.5 ],
    "to": [ 16, 19, 10.5 ],
    "faces": {
        "down":  { "uv": [ 1, 10.5, 0, 5.5 ], "texture": "#texture" },
        "up":    { "uv": [ 15, 5.5, 16, 10.5 ], "texture": "#texture" },
        "north": { "uv": [ 0, 0, 1, 0 ], "texture": "#texture" },
        "south": { "uv": [ 15, 0, 16, 0 ], "texture": "#texture" },
        "west":  { "uv": [ 5.5, 0, 10.5, 0 ], "texture": "#texture" },
        "east":  { "uv": [ 5.5, 0, 10.5, 0 ], "texture": "#texture" }
    }
},
{
    "from": [ 6, 14, 6 ],
    "to": [ 11, 15, 10 ],
    "faces": {
        "down":  { "uv": [ 10, 10, 5, 6 ], "texture": "#texture" },
        "up":    { "uv": [ 6, 6, 11, 10 ], "texture": "#texture" },
        "north": { "uv": [ 5, 1, 10, 2 ], "texture": "#texture" },
        "south": { "uv": [ 6, 1, 11, 2 ], "texture": "#texture" },
        "west":  { "uv": [ 6, 1, 10, 2 ], "texture": "#texture" },
        "east":  { "uv": [ 6, 1, 10, 2 ], "texture": "#texture" }
    }
},
{
    "from": [ 7.5, -1.5, 7 ],
    "to": [ 10.5, 15.5, 9 ],
    "rotation": { "origin": [ 7.5, 15.5, 7 ], "axis": "z", "angle": -22.5 },
    "faces": {
        "down":  { "uv": [ 9.5, 9, 6.5, 7 ], "texture": "#texture" },
        "up":    { "uv": [ 6.5, 7, 9.5, 9 ], "texture": "#texture" },
        "north": { "uv": [ 6.5, 2, 9.5, 16 ], "texture": "#texture" },
        "south": { "uv": [ 6.5, 2, 9.5, 16 ], "texture": "#texture" },
        "west":  { "uv": [ 7, 2, 9, 16 ], "texture": "#texture" },
        "east":  { "uv": [ 7, 2, 9, 16 ], "texture": "#texture" }
    }
},
{
    "from": [ 2.5, 8, 7.5 ],
    "to": [ 3.5, 15.5, 8.5 ],
    "rotation": { "origin": [ 2.5, 15.5, 7.5 ], "axis": "z", "angle": 22.5 },
    "faces": {
        "down":  { "uv": [ 16, 0, 16, 0 ], "texture": "#texture" },
        "up":    { "uv": [ 0, 0, 0, 0 ], "texture": "#texture" },
        "north": { "uv": [ 16, 0, 16, 5.5 ], "texture": "#texture" },
        "south": { "uv": [ 0, 0, 0, 5.5 ], "texture": "#texture" },
        "west":  { "uv": [ 0, 0, 0, 5.5 ], "texture": "#texture" },
        "east":  { "uv": [ 16, 0, 16, 5.5 ], "texture": "#texture" }
    }
}
]
}