{
"__comment": "Designed by Merphin with BDcraft Cubik PRO 0.96 Beta - http://bdcraft.net",
"textures": {
    "particle": "blocks/bigFlowerpot",
    "texture": "blocks/bigFlowerpot",
    "dirt_podzol_top": "blocks/dirt_podzol_top",
    "Frame": "blocks/log_oak"
},
"elements": [ 
{
    "__comment": "Main",
    "from": [ 1, 1, 1 ],
    "to": [ 15, 16, 15 ],
    "faces": {
        "north": { "uv": [ 1, 0, 15, 15 ], "texture": "#texture" },
        "south": { "uv": [ 1, 0, 15, 15 ], "texture": "#texture" },
        "west":  { "uv": [ 1, 0, 15, 15 ], "texture": "#texture" },
        "east":  { "uv": [ 1, 0, 15, 15 ], "texture": "#texture" }
    }
},
{
    "__comment": "Frame1",
    "from": [ 0, 0, 0 ],
    "to": [ 16, 1, 16 ],
    "faces": {
        "down":  { "uv": [ 16, 16, 0, 0 ], "texture": "#Frame" },
        "up":    { "uv": [ 0, 0, 16, 16 ], "texture": "#Frame" },
        "north": { "uv": [ 0, 15, 16, 16 ], "texture": "#Frame" },
        "south": { "uv": [ 0, 15, 16, 16 ], "texture": "#Frame" },
        "west":  { "uv": [ 0, 15, 16, 16 ], "texture": "#Frame" },
        "east":  { "uv": [ 0, 15, 16, 16 ], "texture": "#Frame" }
    }
},
{
    "__comment": "Edge1",
    "from": [ 1, 16, 1 ],
    "to": [ 2, 17, 15 ],
    "faces": {
        "up":    { "uv": [ 1, 1, 2, 15 ], "texture": "#texture" },
        "north": { "uv": [ 14, 0, 15, 0 ], "texture": "#texture" },
        "south": { "uv": [ 1, 0, 2, 0 ], "texture": "#texture" },
        "west":  { "uv": [ 1, 0, 15, 0 ], "texture": "#texture" },
        "east":  { "uv": [ 1, 0, 15, 0 ], "texture": "#texture" }
    }
},
{
    "__comment": "Edge2",
    "from": [ 14, 16, 1 ],
    "to": [ 15, 17, 15 ],
    "faces": {
        "up":    { "uv": [ 14, 1, 15, 15 ], "texture": "#texture" },
        "north": { "uv": [ 1, 0, 2, 0 ], "texture": "#texture" },
        "south": { "uv": [ 14, 0, 15, 0 ], "texture": "#texture" },
        "west":  { "uv": [ 1, 0, 15, 0 ], "texture": "#texture" },
        "east":  { "uv": [ 1, 0, 15, 0 ], "texture": "#texture" }
    }
},
{
    "__comment": "Edge3",
    "from": [ 2, 16, 1 ],
    "to": [ 14, 17, 2 ],
    "faces": {
        "up":    { "uv": [ 2, 1, 14, 2 ], "texture": "#texture" },
        "north": { "uv": [ 2, 0, 14, 0 ], "texture": "#texture" },
        "south": { "uv": [ 2, 0, 14, 0 ], "texture": "#texture" }
    }
},
{
    "__comment": "Edge4",
    "from": [ 2, 16, 14 ],
    "to": [ 14, 17, 15 ],
    "faces": {
        "up":    { "uv": [ 2, 14, 14, 15 ], "texture": "#texture" },
        "north": { "uv": [ 2, 0, 14, 0 ], "texture": "#texture" },
        "south": { "uv": [ 2, 0, 14, 0 ], "texture": "#texture" }
    }
},
{
    "__comment": "Frame2",
    "from": [ 0, 15, 0 ],
    "to": [ 16, 16, 16 ],
    "faces": {
        "down":  { "uv": [ 16, 16, 0, 0 ], "texture": "#Frame" },
        "up":    { "uv": [ 0, 0, 16, 16 ], "texture": "#Frame" },
        "north": { "uv": [ 0, 0, 16, 1 ], "texture": "#Frame" },
        "south": { "uv": [ 0, 0, 16, 1 ], "texture": "#Frame" },
        "west":  { "uv": [ 0, 0, 16, 1 ], "texture": "#Frame" },
        "east":  { "uv": [ 0, 0, 16, 1 ], "texture": "#Frame" }
    }
},
{
    "__comment": "Frame3",
    "from": [ 7, 1, 15 ],
    "to": [ 9, 15, 16 ],
    "faces": {
        "south": { "uv": [ 7, 1, 9, 15 ], "texture": "#Frame" },
        "west":  { "uv": [ 15, 1, 16, 15 ], "texture": "#Frame" },
        "east":  { "uv": [ 0, 1, 1, 15 ], "texture": "#Frame" }
    }
},
{
    "__comment": "Frame4",
    "from": [ 7, 1, 0 ],
    "to": [ 9, 15, 1 ],
    "faces": {
        "north": { "uv": [ 7, 1, 9, 15 ], "texture": "#Frame" },
        "west":  { "uv": [ 0, 1, 1, 15 ], "texture": "#Frame" },
        "east":  { "uv": [ 15, 1, 16, 15 ], "texture": "#Frame" }
    }
},
{
    "__comment": "Frame5",
    "from": [ 0, 1, 7 ],
    "to": [ 1, 15, 9 ],
    "faces": {
        "north": { "uv": [ 15, 1, 16, 15 ], "texture": "#Frame" },
        "south": { "uv": [ 0, 1, 1, 15 ], "texture": "#Frame" },
        "west":  { "uv": [ 7, 1, 9, 15 ], "texture": "#Frame" }
    }
},
{
    "__comment": "Frame6",
    "from": [ 15, 1, 7 ],
    "to": [ 16, 15, 9 ],
    "faces": {
        "north": { "uv": [ 0, 1, 1, 15 ], "texture": "#Frame" },
        "south": { "uv": [ 15, 1, 16, 15 ], "texture": "#Frame" },
        "east":  { "uv": [ 7, 1, 9, 15 ], "texture": "#Frame" }
    }
},
{
    "__comment": "Dirt",
    "from": [ 2, 15.5, 2 ],
    "to": [ 14, 16.5, 14 ],
    "faces": {
        "up":    { "uv": [ 2, 2, 14, 14 ], "texture": "#dirt_podzol_top" }
    }
},
{
    "__comment": "Frame7",
    "from": [ 0, 1, 0 ],
    "to": [ 1, 15, 1 ],
    "faces": {
        "north": { "uv": [ 15, 1, 16, 15 ], "texture": "#Frame" },
        "south": { "uv": [ 0, 1, 1, 15 ], "texture": "#Frame" },
        "west":  { "uv": [ 0, 1, 1, 15 ], "texture": "#Frame" },
        "east":  { "uv": [ 15, 1, 16, 15 ], "texture": "#Frame" }
    }
},
{
    "__comment": "Frame8",
    "from": [ 0, 1, 15 ],
    "to": [ 1, 15, 16 ],
    "faces": {
        "north": { "uv": [ 15, 1, 16, 15 ], "texture": "#Frame" },
        "south": { "uv": [ 0, 1, 1, 15 ], "texture": "#Frame" },
        "west":  { "uv": [ 15, 1, 16, 15 ], "texture": "#Frame" },
        "east":  { "uv": [ 0, 1, 1, 15 ], "texture": "#Frame" }
    }
},
{
    "__comment": "Frame9",
    "from": [ 15, 1, 15 ],
    "to": [ 16, 15, 16 ],
    "faces": {
        "north": { "uv": [ 0, 1, 1, 15 ], "texture": "#Frame" },
        "south": { "uv": [ 15, 1, 16, 15 ], "texture": "#Frame" },
        "west":  { "uv": [ 15, 1, 16, 15 ], "texture": "#Frame" },
        "east":  { "uv": [ 0, 1, 1, 15 ], "texture": "#Frame" }
    }
},
{
    "__comment": "Frame10",
    "from": [ 15, 1, 0 ],
    "to": [ 16, 15, 1 ],
    "faces": {
        "north": { "uv": [ 0, 1, 1, 15 ], "texture": "#Frame" },
        "south": { "uv": [ 15, 1, 16, 15 ], "texture": "#Frame" },
        "west":  { "uv": [ 0, 1, 1, 15 ], "texture": "#Frame" },
        "east":  { "uv": [ 15, 1, 16, 15 ], "texture": "#Frame" }
    }
},
{
    "__comment": "Frame11",
    "from": [ 0.5, 5, 1 ],
    "to": [ 1, 6, 15 ],
    "faces": {
        "down":  { "uv": [ 15.5, 15, 15, 1 ], "texture": "#Frame" },
        "up":    { "uv": [ 0.5, 1, 1, 15 ], "texture": "#Frame" },
        "west":  { "uv": [ 1, 10, 15, 11 ], "texture": "#Frame" }
    }
},
{
    "from": [ 1, 7, 15 ],
    "to": [ 15, 8, 15.5 ],
    "faces": {
        "down":  { "uv": [ 15, 15.5, 1, 15 ], "texture": "#Frame" },
        "up":    { "uv": [ 1, 15, 15, 15.5 ], "texture": "#Frame" },
        "south": { "uv": [ 1, 8, 15, 9 ], "texture": "#Frame" }
    }
},
{
    "from": [ 15, 8.5, 1 ],
    "to": [ 15.5, 9.5, 15 ],
    "faces": {
        "down":  { "uv": [ 1, 15, 0.5, 1 ], "texture": "#Frame" },
        "up":    { "uv": [ 15, 1, 15.5, 15 ], "texture": "#Frame" },
        "east":  { "uv": [ 1, 6.5, 15, 7.5 ], "texture": "#Frame" }
    }
},
{
    "from": [ 1, 7.5, 0.5 ],
    "to": [ 15, 8.5, 1 ],
    "faces": {
        "down":  { "uv": [ 15, 1, 1, 0.5 ], "texture": "#Frame" },
        "up":    { "uv": [ 1, 0.5, 15, 1 ], "texture": "#Frame" },
        "north": { "uv": [ 1, 7.5, 15, 8.5 ], "texture": "#Frame" }
    }
}
]
}