{
"__comment": "Modelled by Merphin with BDcraft Cubik PRO 0.96 Beta - http://bdcraft.net",
"textures": {
    "particle": "blocks/planks_oak",
    "texture": "blocks/log_oak_top"
},
"elements": [ 
{
    "from": [ 15.5, 1.5, 0.5 ],
    "to": [ 16.5, 16, 15.5 ],
    "faces": {
        "down":  { "uv": [ 15.5, 0.5, 0.5, 0 ], "rotation": 270, "texture": "#texture" },
        "up":    { "uv": [ 0.5, 0, 15.5, 0.5 ], "rotation": 90, "texture": "#texture" },
        "north": { "uv": [ 0, 0, 0.5, 14.5 ], "texture": "#texture" },
        "south": { "uv": [ 15.5, 0, 16, 14.5 ], "texture": "#texture" },
        "west":  { "uv": [ 0.5, 0, 15.5, 14.5 ], "texture": "#texture" },
        "east":  { "uv": [ 0.5, 0, 15.5, 14.5 ], "texture": "#texture" }
    }
},
{
    "from": [ -0.5, 1.5, 0.5 ],
    "to": [ 0.5, 16, 15.5 ],
    "faces": {
        "down":  { "uv": [ 15.5, 16, 0.5, 15.5 ], "rotation": 270, "texture": "#texture" },
        "up":    { "uv": [ 0.5, 15.5, 15.5, 16 ], "rotation": 90, "texture": "#texture" },
        "north": { "uv": [ 15.5, 0, 16, 14.5 ], "texture": "#texture" },
        "south": { "uv": [ 0, 0, 0.5, 14.5 ], "texture": "#texture" },
        "west":  { "uv": [ 0.5, 0, 15.5, 14.5 ], "texture": "#texture" },
        "east":  { "uv": [ 0.5, 0, 15.5, 14.5 ], "texture": "#texture" }
    }
},
{
    "from": [ -0.5, 0, 1.5 ],
    "to": [ 0.5, 1.5, 2.5 ],
    "faces": {
        "down":  { "uv": [ 14.5, 16, 13.5, 15.5 ], "rotation": 270, "texture": "#texture" },
        "north": { "uv": [ 15.5, 14.5, 16, 16 ], "texture": "#texture" },
        "south": { "uv": [ 0, 14.5, 0.5, 16 ], "texture": "#texture" },
        "west":  { "uv": [ 1.5, 14.5, 2.5, 16 ], "texture": "#texture" },
        "east":  { "uv": [ 13.5, 14.5, 14.5, 16 ], "texture": "#texture" }
    }
},
{
    "from": [ -0.5, 0, 13.5 ],
    "to": [ 0.5, 1.5, 14.5 ],
    "faces": {
        "down":  { "uv": [ 2.5, 16, 1.5, 15.5 ], "rotation": 270, "texture": "#texture" },
        "north": { "uv": [ 15.5, 14.5, 16, 16 ], "texture": "#texture" },
        "south": { "uv": [ 0, 14.5, 0.5, 16 ], "texture": "#texture" },
        "west":  { "uv": [ 13.5, 14.5, 14.5, 16 ], "texture": "#texture" },
        "east":  { "uv": [ 1.5, 14.5, 2.5, 16 ], "texture": "#texture" }
    }
},
{
    "from": [ 15.5, 0, 1.5 ],
    "to": [ 16.5, 1.5, 2.5 ],
    "faces": {
        "down":  { "uv": [ 14.5, 0.5, 13.5, 0 ], "rotation": 270, "texture": "#texture" },
        "north": { "uv": [ 0, 14.5, 0.5, 16 ], "texture": "#texture" },
        "south": { "uv": [ 15.5, 14.5, 16, 16 ], "texture": "#texture" },
        "west":  { "uv": [ 1.5, 14.5, 2.5, 16 ], "texture": "#texture" },
        "east":  { "uv": [ 13.5, 14.5, 14.5, 16 ], "texture": "#texture" }
    }
},
{
    "from": [ 15.5, 0, 13.5 ],
    "to": [ 16.5, 1.5, 14.5 ],
    "faces": {
        "down":  { "uv": [ 2.5, 0.5, 1.5, 0 ], "rotation": 270, "texture": "#texture" },
        "north": { "uv": [ 0, 14.5, 0.5, 16 ], "texture": "#texture" },
        "south": { "uv": [ 15.5, 14.5, 16, 16 ], "texture": "#texture" },
        "west":  { "uv": [ 13.5, 14.5, 14.5, 16 ], "texture": "#texture" },
        "east":  { "uv": [ 1.5, 14.5, 2.5, 16 ], "texture": "#texture" }
    }
},
{
    "from": [ 0, -0.0625, 0 ],
    "to": [ 16, 0, 16 ],
    "faces": {
        "down":  { "uv": [ 16, 16, 0, 0 ], "rotation": 270, "texture": "#particle" },
        "up":    { "uv": [ 0, 0, 16, 16 ], "rotation": 90, "texture": "#particle" }
    }
}
]
}