{
"__comment": "Designed by Merphin with BDcraft Cubik PRO 0.96 Beta - http://bdcraft.net",
"textures": {
    "particle": "blocks/anvil_base",
    "texture": "blocks/anvil_base",
    "cauldron_inner": "blocks/coal_block",
    "bed_feet_top": "blocks/emerald_block"
},
"elements": [ 
{
    "from": [ 7, -5, 1 ],
    "to": [ 9, 16, 31 ],
    "faces": {
        "down":  { "uv": [ 16, 9, 1, 7 ], "rotation": 90, "texture": "#texture" },
        "up":    { "uv": [ 0, 7, 15, 9 ], "rotation": 270, "texture": "#texture" },
        "north": { "uv": [ 7, 0, 9, 16 ], "texture": "#texture" },
        "south": { "uv": [ 7, 0, 9, 16 ], "texture": "#texture" },
        "west":  { "uv": [ 1, 0, 16, 16 ], "texture": "#texture" },
        "east":  { "uv": [ 9.5, 8, 10.5, 9 ], "texture": "#cauldron_inner" }
    }
},
{
    "from": [ 8, 15, 0 ],
    "to": [ 10, 17, 32 ],
    "faces": {
        "down":  { "uv": [ 16, 10, 0, 8 ], "rotation": 90, "texture": "#texture" },
        "up":    { "uv": [ 0, 8, 16, 10 ], "rotation": 270, "texture": "#texture" },
        "north": { "uv": [ 6, 0, 8, 1 ], "texture": "#texture" },
        "south": { "uv": [ 8, 0, 10, 1 ], "texture": "#texture" },
        "west":  { "uv": [ 0, 0, 16, 1 ], "texture": "#texture" },
        "east":  { "uv": [ 0, 0, 16, 1 ], "texture": "#texture" }
    }
},
{
    "from": [ 8, -6, 0 ],
    "to": [ 10, -4, 32 ],
    "faces": {
        "down":  { "uv": [ 16, 10, 0, 8 ], "rotation": 90, "texture": "#texture" },
        "up":    { "uv": [ 0, 8, 16, 10 ], "rotation": 270, "texture": "#texture" },
        "north": { "uv": [ 6, 16, 8, 16 ], "texture": "#texture" },
        "south": { "uv": [ 8, 16, 10, 16 ], "texture": "#texture" },
        "west":  { "uv": [ 0, 16, 16, 16 ], "texture": "#texture" },
        "east":  { "uv": [ 0, 16, 16, 16 ], "texture": "#texture" }
    }
},
{
    "from": [ 8, -4, 0 ],
    "to": [ 10, 15, 2 ],
    "faces": {
        "down":  { "uv": [ 2, 10, 0, 8 ], "rotation": 90, "texture": "#texture" },
        "up":    { "uv": [ 14, 8, 16, 10 ], "rotation": 270, "texture": "#texture" },
        "north": { "uv": [ 6, 1, 8, 16 ], "texture": "#texture" },
        "south": { "uv": [ 8, 1, 10, 16 ], "texture": "#texture" },
        "west":  { "uv": [ 0, 1, 2, 16 ], "texture": "#texture" },
        "east":  { "uv": [ 14, 1, 16, 16 ], "texture": "#texture" }
    }
},
{
    "from": [ 8, -4, 30 ],
    "to": [ 10, 15, 32 ],
    "faces": {
        "down":  { "uv": [ 16, 10, 16, 8 ], "rotation": 90, "texture": "#texture" },
        "up":    { "uv": [ 0, 8, 0, 10 ], "rotation": 270, "texture": "#texture" },
        "north": { "uv": [ 6, 1, 8, 16 ], "texture": "#texture" },
        "south": { "uv": [ 8, 1, 10, 16 ], "texture": "#texture" },
        "west":  { "uv": [ 16, 1, 16, 16 ], "texture": "#texture" },
        "east":  { "uv": [ 0, 1, 0, 16 ], "texture": "#texture" }
    }
},
{
    "from": [ 7, 16, 14 ],
    "to": [ 8, 17, 18 ],
    "faces": {
        "down":  { "uv": [ 16, 8, 14, 7 ], "rotation": 90, "texture": "#texture" },
        "up":    { "uv": [ 0, 7, 2, 8 ], "rotation": 270, "texture": "#texture" },
        "north": { "uv": [ 8, 0, 9, 0 ], "texture": "#texture" },
        "south": { "uv": [ 7, 0, 8, 0 ], "texture": "#texture" },
        "west":  { "uv": [ 14, 0, 16, 0 ], "texture": "#texture" },
        "east":  { "uv": [ 0, 0, 2, 0 ], "texture": "#texture" }
    }
},
{
    "from": [ 10, -5.5, 0.5 ],
    "to": [ 10.5, -4.5, 1.5 ],
    "faces": {
        "down":  { "uv": [ 5, 0, 6, 1 ], "texture": "#bed_feet_top" },
        "up":    { "uv": [ 5, 0, 6, 1 ], "texture": "#bed_feet_top" },
        "north": { "uv": [ 5, 0, 6, 1 ], "texture": "#bed_feet_top" },
        "south": { "uv": [ 5, 0, 6, 1 ], "texture": "#bed_feet_top" },
        "west":  { "uv": [ 5, 0, 6, 1 ], "texture": "#bed_feet_top" },
        "east":  { "uv": [ 5, 0, 6, 1 ], "texture": "#bed_feet_top" }
    }
}
]
}