{
"__comment": "Designed by Merphin with BDcraft Cubik PRO 0.96 Beta - http://bdcraft.net",
"textures": {
    "particle": "blocks/anvil_base",
    "texture": "blocks/anvil_base",
    "bed_feet_top": "blocks/hopper_outside",
    "Front": "blocks/dispenser_front_vertical",
    "door_iron_lower": "blocks/daylight_detector_side",
    "ice_packed": "blocks/ice_packed"
},
"elements": [ 
{
    "__comment": "Socket",
    "from": [ -4, 0, 1 ],
    "to": [ 9, 1, 15 ],
    "faces": {
        "down":  { "uv": [ 16, 15, 7, 1 ], "texture": "#texture" },
        "up":    { "uv": [ 0, 1, 9, 15 ], "texture": "#texture" },
        "north": { "uv": [ 7, 15, 16, 16 ], "texture": "#texture" },
        "south": { "uv": [ 0, 15, 9, 16 ], "texture": "#texture" },
        "west":  { "uv": [ 1, 15, 15, 16 ], "texture": "#texture" },
        "east":  { "uv": [ 1, 15, 15, 16 ], "texture": "#texture" }
    }
},
{
    "__comment": "Pillar",
    "from": [ 5.5, -1, 4 ],
    "to": [ 13.5, 19.5, 12 ],
    "rotation": { "origin": [ 5.5, 19.5, 4 ], "axis": "z", "angle": -22.5 },
    "faces": {
        "down":  { "uv": [ 5.5, 4, 13.5, 12 ], "texture": "#door_iron_lower" },
        "up":    { "uv": [ 5.5, 4, 13.5, 12 ], "texture": "#door_iron_lower" },
        "north": { "uv": [ 4, 0, 12, 16 ], "texture": "#door_iron_lower" },
        "south": { "uv": [ 4, 0, 12, 16 ], "texture": "#door_iron_lower" },
        "west":  { "uv": [ 4, 0, 12, 16 ], "texture": "#door_iron_lower" },
        "east":  { "uv": [ 4, 0, 12, 16 ], "texture": "#door_iron_lower" }
    }
},
{
    "__comment": "Output",
    "from": [ 0, 8.5, 1 ],
    "to": [ 16, 18.5, 11 ],
    "rotation": { "origin": [ 0, 18.5, 1 ], "axis": "x", "angle": -45 },
    "faces": {
        "down":  { "uv": [ 0, 1, 16, 11 ], "texture": "#bed_feet_top" },
        "up":    { "uv": [ 0, 1, 16, 11 ], "texture": "#bed_feet_top" },
        "north": { "uv": [ 0, 0, 16, 10 ], "texture": "#bed_feet_top" },
        "south": { "uv": [ 0, 0, 16, 10 ], "texture": "#bed_feet_top" },
        "west":  { "uv": [ 1, 0, 11, 10 ], "texture": "#bed_feet_top" },
        "east":  { "uv": [ 3.5, 3.5, 12.5, 12.5 ], "texture": "#Front" }
    }
},
{
    "from": [ 0, -0.0625, 0 ],
    "to": [ 16, 0, 16 ],
    "faces": {
        "down":  { "uv": [ 16, 16, 0, 0 ], "texture": "#ice_packed" },
        "up":    { "uv": [ 0, 0, 16, 16 ], "texture": "#ice_packed" }
    }
}
]
}