{
"__comment": "Modelled by Merphin with BDcraft Cubik PRO 0.96 Beta - http://bdcraft.net",
"textures": {
	"particle": "blocks/bar_table_ornaments",
    "texture": "blocks/bar_table_ornaments",
    "bar_table_side": "blocks/bar_table_side",
    "bar_table_top": "blocks/bar_table_top"
},
"elements": [ 
{
    "from": [ 1.5, 0, 0.5 ],
    "to": [ 14.5, 16, 15.5 ],
    "faces": {
        "down":  { "uv": [ 14.5, 15.5, 1.5, 0.5 ], "texture": "#bar_table_top" },
        "up":    { "uv": [ 1.5, 0.5, 14.5, 15.5 ], "texture": "#bar_table_top" },
        "north": { "uv": [ 1.5, 0, 14.5, 16 ], "texture": "#bar_table_top" },
        "south": { "uv": [ 1.5, 0, 14.5, 16 ], "texture": "#bar_table_top" },
        "west":  { "uv": [ 0.5, 0, 15.5, 16 ], "texture": "#bar_table_side" },
        "east":  { "uv": [ 0.5, 0, 15.5, 16 ], "texture": "#bar_table_side" }
    }
},
{
    "from": [ -0.5, 16, 0 ],
    "to": [ 16.5, 17, 16 ],
    "faces": {
        "down":  { "uv": [ 16, 16, 0, 0 ], "texture": "#bar_table_top" },
        "up":    { "uv": [ 0, 0, 16, 16 ], "texture": "#bar_table_top" },
        "north": { "uv": [ 0, 0, 16, 0 ], "texture": "#bar_table_top" },
        "south": { "uv": [ 0, 0, 16, 0 ], "texture": "#bar_table_top" },
        "west":  { "uv": [ 0, 0, 16, 0 ], "texture": "#bar_table_top" },
        "east":  { "uv": [ 0, 0, 16, 0 ], "texture": "#bar_table_top" }
    }
},
{
    "from": [ 0.5, 17, 0 ],
    "to": [ 1.5, 17.5, 16 ],
    "faces": {
        "down":  { "uv": [ 15.5, 16, 14.5, 0 ], "texture": "#texture" },
        "up":    { "uv": [ 0.5, 0, 1.5, 16 ], "texture": "#texture" },
        "north": { "uv": [ 14.5, 0, 15.5, 0 ], "texture": "#texture" },
        "south": { "uv": [ 0.5, 0, 1.5, 0 ], "texture": "#texture" },
        "west":  { "uv": [ 0, 0, 16, 0 ], "texture": "#texture" },
        "east":  { "uv": [ 0, 0, 16, 0 ], "texture": "#texture" }
    }
},
{
    "from": [ 14.5, 17, 0 ],
    "to": [ 15.5, 17.5, 16 ],
    "faces": {
        "down":  { "uv": [ 1.5, 16, 0.5, 0 ], "texture": "#texture" },
        "up":    { "uv": [ 14.5, 0, 15.5, 16 ], "texture": "#texture" },
        "north": { "uv": [ 0.5, 0, 1.5, 0 ], "texture": "#texture" },
        "south": { "uv": [ 14.5, 0, 15.5, 0 ], "texture": "#texture" },
        "west":  { "uv": [ 0, 0, 16, 0 ], "texture": "#texture" },
        "east":  { "uv": [ 0, 0, 16, 0 ], "texture": "#texture" }
    }
},
{
    "from": [ 0.5, 0, 0 ],
    "to": [ 15.5, 1, 16 ],
    "faces": {
        "down":  { "uv": [ 15.5, 16, 0.5, 0 ], "texture": "#texture" },
        "up":    { "uv": [ 0.5, 0, 15.5, 16 ], "texture": "#texture" },
        "north": { "uv": [ 0.5, 15, 15.5, 16 ], "texture": "#texture" },
        "south": { "uv": [ 0.5, 15, 15.5, 16 ], "texture": "#texture" },
        "west":  { "uv": [ 0, 15, 16, 16 ], "texture": "#texture" },
        "east":  { "uv": [ 0, 15, 16, 16 ], "texture": "#texture" }
    }
},
{
    "from": [ 1, 1, 0 ],
    "to": [ 1.5, 3, 1 ],
    "faces": {
        "down":  { "uv": [ 15, 1, 14.5, 0 ], "texture": "#texture" },
        "up":    { "uv": [ 1, 0, 1.5, 1 ], "texture": "#texture" },
        "north": { "uv": [ 14.5, 13, 15, 15 ], "texture": "#texture" },
        "south": { "uv": [ 1, 13, 1.5, 15 ], "texture": "#texture" },
        "west":  { "uv": [ 0, 13, 1, 15 ], "texture": "#texture" },
        "east":  { "uv": [ 15, 13, 16, 15 ], "texture": "#texture" }
    }
},
{
    "from": [ 1, 1, 15 ],
    "to": [ 1.5, 3, 16 ],
    "faces": {
        "down":  { "uv": [ 15, 16, 14.5, 15 ], "texture": "#texture" },
        "up":    { "uv": [ 1, 15, 1.5, 16 ], "texture": "#texture" },
        "north": { "uv": [ 14.5, 13, 15, 15 ], "texture": "#texture" },
        "south": { "uv": [ 1, 13, 1.5, 15 ], "texture": "#texture" },
        "west":  { "uv": [ 15, 13, 16, 15 ], "texture": "#texture" },
        "east":  { "uv": [ 0, 13, 1, 15 ], "texture": "#texture" }
    }
},
{
    "from": [ 1, 1, 5 ],
    "to": [ 1.5, 3, 6 ],
    "faces": {
        "down":  { "uv": [ 15, 6, 14.5, 5 ], "texture": "#texture" },
        "up":    { "uv": [ 1, 5, 1.5, 6 ], "texture": "#texture" },
        "north": { "uv": [ 14.5, 13, 15, 15 ], "texture": "#texture" },
        "south": { "uv": [ 1, 13, 1.5, 15 ], "texture": "#texture" },
        "west":  { "uv": [ 5, 13, 6, 15 ], "texture": "#texture" },
        "east":  { "uv": [ 10, 13, 11, 15 ], "texture": "#texture" }
    }
},
{
    "from": [ 1, 1, 10 ],
    "to": [ 1.5, 3, 11 ],
    "faces": {
        "down":  { "uv": [ 15, 11, 14.5, 10 ], "texture": "#texture" },
        "up":    { "uv": [ 1, 10, 1.5, 11 ], "texture": "#texture" },
        "north": { "uv": [ 14.5, 13, 15, 15 ], "texture": "#texture" },
        "south": { "uv": [ 1, 13, 1.5, 15 ], "texture": "#texture" },
        "west":  { "uv": [ 10, 13, 11, 15 ], "texture": "#texture" },
        "east":  { "uv": [ 5, 13, 6, 15 ], "texture": "#texture" }
    }
},
{
    "from": [ 14.5, 1, 0 ],
    "to": [ 15, 3, 1 ],
    "faces": {
        "down":  { "uv": [ 1.5, 1, 1, 0 ], "texture": "#texture" },
        "up":    { "uv": [ 14.5, 0, 15, 1 ], "texture": "#texture" },
        "north": { "uv": [ 1, 13, 1.5, 15 ], "texture": "#texture" },
        "south": { "uv": [ 14.5, 13, 15, 15 ], "texture": "#texture" },
        "west":  { "uv": [ 0, 13, 1, 15 ], "texture": "#texture" },
        "east":  { "uv": [ 15, 13, 16, 15 ], "texture": "#texture" }
    }
},
{
    "from": [ 14.5, 1, 5 ],
    "to": [ 15, 3, 6 ],
    "faces": {
        "down":  { "uv": [ 1.5, 6, 1, 5 ], "texture": "#texture" },
        "up":    { "uv": [ 14.5, 5, 15, 6 ], "texture": "#texture" },
        "north": { "uv": [ 1, 13, 1.5, 15 ], "texture": "#texture" },
        "south": { "uv": [ 14.5, 13, 15, 15 ], "texture": "#texture" },
        "west":  { "uv": [ 5, 13, 6, 15 ], "texture": "#texture" },
        "east":  { "uv": [ 10, 13, 11, 15 ], "texture": "#texture" }
    }
},
{
    "from": [ 14.5, 1, 10 ],
    "to": [ 15, 3, 11 ],
    "faces": {
        "down":  { "uv": [ 1.5, 11, 1, 10 ], "texture": "#texture" },
        "up":    { "uv": [ 14.5, 10, 15, 11 ], "texture": "#texture" },
        "north": { "uv": [ 1, 13, 1.5, 15 ], "texture": "#texture" },
        "south": { "uv": [ 14.5, 13, 15, 15 ], "texture": "#texture" },
        "west":  { "uv": [ 10, 13, 11, 15 ], "texture": "#texture" },
        "east":  { "uv": [ 5, 13, 6, 15 ], "texture": "#texture" }
    }
},
{
    "from": [ 14.5, 1, 15 ],
    "to": [ 15, 3, 16 ],
    "faces": {
        "down":  { "uv": [ 1.5, 16, 1, 15 ], "texture": "#texture" },
        "up":    { "uv": [ 14.5, 15, 15, 16 ], "texture": "#texture" },
        "north": { "uv": [ 1, 13, 1.5, 15 ], "texture": "#texture" },
        "south": { "uv": [ 14.5, 13, 15, 15 ], "texture": "#texture" },
        "west":  { "uv": [ 15, 13, 16, 15 ], "texture": "#texture" },
        "east":  { "uv": [ 0, 13, 1, 15 ], "texture": "#texture" }
    }
},
{
    "from": [ 1, 15.5, 0 ],
    "to": [ 1.5, 16, 16 ],
    "faces": {
        "down":  { "uv": [ 15, 16, 14.5, 0 ], "texture": "#texture" },
        "up":    { "uv": [ 1, 0, 1.5, 16 ], "texture": "#texture" },
        "north": { "uv": [ 14.5, 0, 15, 0.5 ], "texture": "#texture" },
        "south": { "uv": [ 1, 0, 1.5, 0.5 ], "texture": "#texture" },
        "west":  { "uv": [ 0, 0, 16, 0.5 ], "texture": "#texture" },
        "east":  { "uv": [ 0, 0, 16, 0.5 ], "texture": "#texture" }
    }
},
{
    "from": [ 14.5, 15.5, 0 ],
    "to": [ 15, 16, 16 ],
    "faces": {
        "down":  { "uv": [ 1.5, 16, 1, 0 ], "texture": "#texture" },
        "up":    { "uv": [ 14.5, 0, 15, 16 ], "texture": "#texture" },
        "north": { "uv": [ 1, 0, 1.5, 0.5 ], "texture": "#texture" },
        "south": { "uv": [ 14.5, 0, 15, 0.5 ], "texture": "#texture" },
        "west":  { "uv": [ 0, 0, 16, 0.5 ], "texture": "#texture" },
        "east":  { "uv": [ 0, 0, 16, 0.5 ], "texture": "#texture" }
    }
},
{
    "__comment": "OrnamentFront",
    "from": [ 1, 6.5, 3 ],
    "to": [ 1.5, 11.5, 3.5 ],
    "faces": {
        "down":  { "uv": [ 15, 3.5, 14.5, 3 ], "texture": "#texture" },
        "up":    { "uv": [ 1, 3, 1.5, 3.5 ], "texture": "#texture" },
        "north": { "uv": [ 14.5, 4.5, 15, 9.5 ], "texture": "#texture" },
        "south": { "uv": [ 1, 4.5, 1.5, 9.5 ], "texture": "#texture" },
        "west":  { "uv": [ 3, 4.5, 3.5, 9.5 ], "texture": "#texture" },
        "east":  { "uv": [ 12.5, 4.5, 13, 9.5 ], "texture": "#texture" }
    }
},
{
    "__comment": "OrnamentFront",
    "from": [ 1, 6.5, 12.5 ],
    "to": [ 1.5, 11.5, 13 ],
    "faces": {
        "down":  { "uv": [ 15, 13, 14.5, 12.5 ], "texture": "#texture" },
        "up":    { "uv": [ 1, 12.5, 1.5, 13 ], "texture": "#texture" },
        "north": { "uv": [ 14.5, 4.5, 15, 9.5 ], "texture": "#texture" },
        "south": { "uv": [ 1, 4.5, 1.5, 9.5 ], "texture": "#texture" },
        "west":  { "uv": [ 12.5, 4.5, 13, 9.5 ], "texture": "#texture" },
        "east":  { "uv": [ 3, 4.5, 3.5, 9.5 ], "texture": "#texture" }
    }
},
{
    "__comment": "OrnamentFront",
    "from": [ 1, 5, 5 ],
    "to": [ 1.5, 5.5, 11 ],
    "faces": {
        "down":  { "uv": [ 15, 11, 14.5, 5 ], "texture": "#texture" },
        "up":    { "uv": [ 1, 5, 1.5, 11 ], "texture": "#texture" },
        "north": { "uv": [ 14.5, 10.5, 15, 11 ], "texture": "#texture" },
        "south": { "uv": [ 1, 10.5, 1.5, 11 ], "texture": "#texture" },
        "west":  { "uv": [ 5, 10.5, 11, 11 ], "texture": "#texture" },
        "east":  { "uv": [ 5, 10.5, 11, 11 ], "texture": "#texture" }
    }
},
{
    "__comment": "OrnamentFront",
    "from": [ 1, 12.5, 5 ],
    "to": [ 1.5, 13, 11 ],
    "faces": {
        "down":  { "uv": [ 15, 11, 14.5, 5 ], "texture": "#texture" },
        "up":    { "uv": [ 1, 5, 1.5, 11 ], "texture": "#texture" },
        "north": { "uv": [ 14.5, 3, 15, 3.5 ], "texture": "#texture" },
        "south": { "uv": [ 1, 3, 1.5, 3.5 ], "texture": "#texture" },
        "west":  { "uv": [ 5, 3, 11, 3.5 ], "texture": "#texture" },
        "east":  { "uv": [ 5, 3, 11, 3.5 ], "texture": "#texture" }
    }
},
{
    "__comment": "OrnamentFront",
    "from": [ 1, 11, 3.5 ],
    "to": [ 1.5, 12, 4.5 ],
    "faces": {
        "down":  { "uv": [ 16, 0, 16, 0 ], "texture": "#texture" },
        "up":    { "uv": [ 0, 0, 0, 0 ], "texture": "#texture" },
        "north": { "uv": [ 16, 7, 16, 8 ], "texture": "#texture" },
        "south": { "uv": [ 0, 7, 0, 8 ], "texture": "#texture" },
        "west":  { "uv": [ 0, 7, 0, 8 ], "texture": "#texture" },
        "east":  { "uv": [ 16, 7, 16, 8 ], "texture": "#texture" }
    }
},
{
    "__comment": "OrnamentFront",
    "from": [ 1, 11.5, 4.5 ],
    "to": [ 1.5, 12.5, 5.5 ],
    "faces": {
        "down":  { "uv": [ 16, 0, 16, 0 ], "texture": "#texture" },
        "up":    { "uv": [ 0, 0, 0, 0 ], "texture": "#texture" },
        "north": { "uv": [ 16, 6, 16, 7 ], "texture": "#texture" },
        "south": { "uv": [ 0, 6, 0, 7 ], "texture": "#texture" },
        "west":  { "uv": [ 0, 6, 0, 7 ], "texture": "#texture" },
        "east":  { "uv": [ 16, 6, 16, 7 ], "texture": "#texture" }
    }
},
{
    "__comment": "OrnamentFront",
    "from": [ 1, 11.5, 10.5 ],
    "to": [ 1.5, 12.5, 11.5 ],
    "faces": {
        "down":  { "uv": [ 15, 11.5, 14.5, 10.5 ], "texture": "#texture" },
        "up":    { "uv": [ 1, 10.5, 1.5, 11.5 ], "texture": "#texture" },
        "north": { "uv": [ 14.5, 3.5, 15, 4.5 ], "texture": "#texture" },
        "south": { "uv": [ 1, 3.5, 1.5, 4.5 ], "texture": "#texture" },
        "west":  { "uv": [ 10.5, 3.5, 11.5, 4.5 ], "texture": "#texture" },
        "east":  { "uv": [ 4.5, 3.5, 5.5, 4.5 ], "texture": "#texture" }
    }
},
{
    "__comment": "OrnamentFront",
    "from": [ 1, 11, 11.5 ],
    "to": [ 1.5, 12, 12.5 ],
    "faces": {
        "down":  { "uv": [ 15, 12.5, 14.5, 11.5 ], "texture": "#texture" },
        "up":    { "uv": [ 1, 11.5, 1.5, 12.5 ], "texture": "#texture" },
        "north": { "uv": [ 14.5, 4, 15, 5 ], "texture": "#texture" },
        "south": { "uv": [ 1, 4, 1.5, 5 ], "texture": "#texture" },
        "west":  { "uv": [ 11.5, 4, 12.5, 5 ], "texture": "#texture" },
        "east":  { "uv": [ 3.5, 4, 4.5, 5 ], "texture": "#texture" }
    }
},
{
    "__comment": "OrnamentFront",
    "from": [ 1, 6, 3.5 ],
    "to": [ 1.5, 7, 4.5 ],
    "faces": {
        "down":  { "uv": [ 15, 4.5, 14.5, 3.5 ], "texture": "#texture" },
        "up":    { "uv": [ 1, 3.5, 1.5, 4.5 ], "texture": "#texture" },
        "north": { "uv": [ 14.5, 9, 15, 10 ], "texture": "#texture" },
        "south": { "uv": [ 1, 9, 1.5, 10 ], "texture": "#texture" },
        "west":  { "uv": [ 3.5, 9, 4.5, 10 ], "texture": "#texture" },
        "east":  { "uv": [ 11.5, 9, 12.5, 10 ], "texture": "#texture" }
    }
},
{
    "__comment": "OrnamentFront",
    "from": [ 1, 5.5, 4.5 ],
    "to": [ 1.5, 6.5, 5.5 ],
    "faces": {
        "down":  { "uv": [ 15, 5.5, 14.5, 4.5 ], "texture": "#texture" },
        "up":    { "uv": [ 1, 4.5, 1.5, 5.5 ], "texture": "#texture" },
        "north": { "uv": [ 14.5, 9.5, 15, 10.5 ], "texture": "#texture" },
        "south": { "uv": [ 1, 9.5, 1.5, 10.5 ], "texture": "#texture" },
        "west":  { "uv": [ 4.5, 9.5, 5.5, 10.5 ], "texture": "#texture" },
        "east":  { "uv": [ 10.5, 9.5, 11.5, 10.5 ], "texture": "#texture" }
    }
},
{
    "__comment": "OrnamentFront",
    "from": [ 1, 5.5, 10.5 ],
    "to": [ 1.5, 6.5, 11.5 ],
    "faces": {
        "down":  { "uv": [ 15, 11.5, 14.5, 10.5 ], "texture": "#texture" },
        "up":    { "uv": [ 1, 10.5, 1.5, 11.5 ], "texture": "#texture" },
        "north": { "uv": [ 14.5, 9.5, 15, 10.5 ], "texture": "#texture" },
        "south": { "uv": [ 1, 9.5, 1.5, 10.5 ], "texture": "#texture" },
        "west":  { "uv": [ 10.5, 9.5, 11.5, 10.5 ], "texture": "#texture" },
        "east":  { "uv": [ 4.5, 9.5, 5.5, 10.5 ], "texture": "#texture" }
    }
},
{
    "__comment": "OrnamentFront",
    "from": [ 1, 6, 11.5 ],
    "to": [ 1.5, 7, 12.5 ],
    "faces": {
        "down":  { "uv": [ 15, 12.5, 14.5, 11.5 ], "texture": "#texture" },
        "up":    { "uv": [ 1, 11.5, 1.5, 12.5 ], "texture": "#texture" },
        "north": { "uv": [ 14.5, 9, 15, 10 ], "texture": "#texture" },
        "south": { "uv": [ 1, 9, 1.5, 10 ], "texture": "#texture" },
        "west":  { "uv": [ 11.5, 9, 12.5, 10 ], "texture": "#texture" },
        "east":  { "uv": [ 3.5, 9, 4.5, 10 ], "texture": "#texture" }
    }
},
{
    "__comment": "OrnamentFront",
    "from": [ 1, 8.5, 7.5 ],
    "to": [ 1.5, 9.5, 8.5 ],
    "faces": {
        "down":  { "uv": [ 15, 8.5, 14.5, 7.5 ], "texture": "#texture" },
        "up":    { "uv": [ 1, 7.5, 1.5, 8.5 ], "texture": "#texture" },
        "north": { "uv": [ 14.5, 6.5, 15, 7.5 ], "texture": "#texture" },
        "south": { "uv": [ 1, 6.5, 1.5, 7.5 ], "texture": "#texture" },
        "west":  { "uv": [ 7.5, 6.5, 8.5, 7.5 ], "texture": "#texture" },
        "east":  { "uv": [ 7.5, 6.5, 8.5, 7.5 ], "texture": "#texture" }
    }
},
{
    "__comment": "OrnamentFront",
    "from": [ 1, 8.5, 0 ],
    "to": [ 1.5, 9.5, 3 ],
    "faces": {
        "down":  { "uv": [ 15, 3, 14.5, 0 ], "texture": "#texture" },
        "up":    { "uv": [ 1, 0, 1.5, 3 ], "texture": "#texture" },
        "north": { "uv": [ 14.5, 6.5, 15, 7.5 ], "texture": "#texture" },
        "south": { "uv": [ 1, 6.5, 1.5, 7.5 ], "texture": "#texture" },
        "west":  { "uv": [ 0, 6.5, 3, 7.5 ], "texture": "#texture" },
        "east":  { "uv": [ 13, 6.5, 16, 7.5 ], "texture": "#texture" }
    }
},
{
    "__comment": "OrnamentFront",
    "from": [ 1, 8.5, 13 ],
    "to": [ 1.5, 9.5, 16 ],
    "faces": {
        "down":  { "uv": [ 15, 16, 14.5, 13 ], "texture": "#texture" },
        "up":    { "uv": [ 1, 13, 1.5, 16 ], "texture": "#texture" },
        "north": { "uv": [ 14.5, 6.5, 15, 7.5 ], "texture": "#texture" },
        "south": { "uv": [ 1, 6.5, 1.5, 7.5 ], "texture": "#texture" },
        "west":  { "uv": [ 13, 6.5, 16, 7.5 ], "texture": "#texture" },
        "east":  { "uv": [ 0, 6.5, 3, 7.5 ], "texture": "#texture" }
    }
},
{
    "__comment": "OrnamentBack",
    "from": [ 14.5, 6.5, 3 ],
    "to": [ 15, 11.5, 3.5 ],
    "faces": {
        "down":  { "uv": [ 1.5, 3.5, 1, 3 ], "texture": "#texture" },
        "up":    { "uv": [ 14.5, 3, 15, 3.5 ], "texture": "#texture" },
        "north": { "uv": [ 1, 4.5, 1.5, 9.5 ], "texture": "#texture" },
        "south": { "uv": [ 14.5, 4.5, 15, 9.5 ], "texture": "#texture" },
        "west":  { "uv": [ 3, 4.5, 3.5, 9.5 ], "texture": "#texture" },
        "east":  { "uv": [ 12.5, 4.5, 13, 9.5 ], "texture": "#texture" }
    }
},
{
    "__comment": "OrnamentBack",
    "from": [ 14.5, 6.5, 12.5 ],
    "to": [ 15, 11.5, 13 ],
    "faces": {
        "down":  { "uv": [ 1.5, 13, 1, 12.5 ], "texture": "#texture" },
        "up":    { "uv": [ 14.5, 12.5, 15, 13 ], "texture": "#texture" },
        "north": { "uv": [ 1, 4.5, 1.5, 9.5 ], "texture": "#texture" },
        "south": { "uv": [ 14.5, 4.5, 15, 9.5 ], "texture": "#texture" },
        "west":  { "uv": [ 12.5, 4.5, 13, 9.5 ], "texture": "#texture" },
        "east":  { "uv": [ 3, 4.5, 3.5, 9.5 ], "texture": "#texture" }
    }
},
{
    "__comment": "OrnamentBack",
    "from": [ 14.5, 5, 5 ],
    "to": [ 15, 5.5, 11 ],
    "faces": {
        "down":  { "uv": [ 1.5, 11, 1, 5 ], "texture": "#texture" },
        "up":    { "uv": [ 14.5, 5, 15, 11 ], "texture": "#texture" },
        "north": { "uv": [ 1, 10.5, 1.5, 11 ], "texture": "#texture" },
        "south": { "uv": [ 14.5, 10.5, 15, 11 ], "texture": "#texture" },
        "west":  { "uv": [ 5, 10.5, 11, 11 ], "texture": "#texture" },
        "east":  { "uv": [ 5, 10.5, 11, 11 ], "texture": "#texture" }
    }
},
{
    "__comment": "OrnamentBack",
    "from": [ 14.5, 12.5, 5 ],
    "to": [ 15, 13, 11 ],
    "faces": {
        "down":  { "uv": [ 1.5, 11, 1, 5 ], "texture": "#texture" },
        "up":    { "uv": [ 14.5, 5, 15, 11 ], "texture": "#texture" },
        "north": { "uv": [ 1, 3, 1.5, 3.5 ], "texture": "#texture" },
        "south": { "uv": [ 14.5, 3, 15, 3.5 ], "texture": "#texture" },
        "west":  { "uv": [ 5, 3, 11, 3.5 ], "texture": "#texture" },
        "east":  { "uv": [ 5, 3, 11, 3.5 ], "texture": "#texture" }
    }
},
{
    "__comment": "OrnamentBack",
    "from": [ 14.5, 11, 3.5 ],
    "to": [ 15, 12, 4.5 ],
    "faces": {
        "down":  { "uv": [ 16, 0, 16, 0 ], "texture": "#texture" },
        "up":    { "uv": [ 0, 0, 0, 0 ], "texture": "#texture" },
        "north": { "uv": [ 16, 7, 16, 8 ], "texture": "#texture" },
        "south": { "uv": [ 0, 7, 0, 8 ], "texture": "#texture" },
        "west":  { "uv": [ 0, 7, 0, 8 ], "texture": "#texture" },
        "east":  { "uv": [ 16, 7, 16, 8 ], "texture": "#texture" }
    }
},
{
    "__comment": "OrnamentBack",
    "from": [ 14.5, 11.5, 4.5 ],
    "to": [ 15, 12.5, 5.5 ],
    "faces": {
        "down":  { "uv": [ 16, 0, 16, 0 ], "texture": "#texture" },
        "up":    { "uv": [ 0, 0, 0, 0 ], "texture": "#texture" },
        "north": { "uv": [ 16, 6, 16, 7 ], "texture": "#texture" },
        "south": { "uv": [ 0, 6, 0, 7 ], "texture": "#texture" },
        "west":  { "uv": [ 0, 6, 0, 7 ], "texture": "#texture" },
        "east":  { "uv": [ 16, 6, 16, 7 ], "texture": "#texture" }
    }
},
{
    "__comment": "OrnamentBack",
    "from": [ 14.5, 11.5, 10.5 ],
    "to": [ 15, 12.5, 11.5 ],
    "faces": {
        "down":  { "uv": [ 1.5, 11.5, 1, 10.5 ], "texture": "#texture" },
        "up":    { "uv": [ 14.5, 10.5, 15, 11.5 ], "texture": "#texture" },
        "north": { "uv": [ 1, 3.5, 1.5, 4.5 ], "texture": "#texture" },
        "south": { "uv": [ 14.5, 3.5, 15, 4.5 ], "texture": "#texture" },
        "west":  { "uv": [ 10.5, 3.5, 11.5, 4.5 ], "texture": "#texture" },
        "east":  { "uv": [ 4.5, 3.5, 5.5, 4.5 ], "texture": "#texture" }
    }
},
{
    "__comment": "OrnamentBack",
    "from": [ 14.5, 11, 11.5 ],
    "to": [ 15, 12, 12.5 ],
    "faces": {
        "down":  { "uv": [ 1.5, 12.5, 1, 11.5 ], "texture": "#texture" },
        "up":    { "uv": [ 14.5, 11.5, 15, 12.5 ], "texture": "#texture" },
        "north": { "uv": [ 1, 4, 1.5, 5 ], "texture": "#texture" },
        "south": { "uv": [ 14.5, 4, 15, 5 ], "texture": "#texture" },
        "west":  { "uv": [ 11.5, 4, 12.5, 5 ], "texture": "#texture" },
        "east":  { "uv": [ 3.5, 4, 4.5, 5 ], "texture": "#texture" }
    }
},
{
    "__comment": "OrnamentBack",
    "from": [ 14.5, 6, 3.5 ],
    "to": [ 15, 7, 4.5 ],
    "faces": {
        "down":  { "uv": [ 1.5, 4.5, 1, 3.5 ], "texture": "#texture" },
        "up":    { "uv": [ 14.5, 3.5, 15, 4.5 ], "texture": "#texture" },
        "north": { "uv": [ 1, 9, 1.5, 10 ], "texture": "#texture" },
        "south": { "uv": [ 14.5, 9, 15, 10 ], "texture": "#texture" },
        "west":  { "uv": [ 3.5, 9, 4.5, 10 ], "texture": "#texture" },
        "east":  { "uv": [ 11.5, 9, 12.5, 10 ], "texture": "#texture" }
    }
},
{
    "__comment": "OrnamentBack",
    "from": [ 14.5, 5.5, 4.5 ],
    "to": [ 15, 6.5, 5.5 ],
    "faces": {
        "down":  { "uv": [ 1.5, 5.5, 1, 4.5 ], "texture": "#texture" },
        "up":    { "uv": [ 14.5, 4.5, 15, 5.5 ], "texture": "#texture" },
        "north": { "uv": [ 1, 9.5, 1.5, 10.5 ], "texture": "#texture" },
        "south": { "uv": [ 14.5, 9.5, 15, 10.5 ], "texture": "#texture" },
        "west":  { "uv": [ 4.5, 9.5, 5.5, 10.5 ], "texture": "#texture" },
        "east":  { "uv": [ 10.5, 9.5, 11.5, 10.5 ], "texture": "#texture" }
    }
},
{
    "__comment": "OrnamentBack",
    "from": [ 14.5, 5.5, 10.5 ],
    "to": [ 15, 6.5, 11.5 ],
    "faces": {
        "down":  { "uv": [ 1.5, 11.5, 1, 10.5 ], "texture": "#texture" },
        "up":    { "uv": [ 14.5, 10.5, 15, 11.5 ], "texture": "#texture" },
        "north": { "uv": [ 1, 9.5, 1.5, 10.5 ], "texture": "#texture" },
        "south": { "uv": [ 14.5, 9.5, 15, 10.5 ], "texture": "#texture" },
        "west":  { "uv": [ 10.5, 9.5, 11.5, 10.5 ], "texture": "#texture" },
        "east":  { "uv": [ 4.5, 9.5, 5.5, 10.5 ], "texture": "#texture" }
    }
},
{
    "__comment": "OrnamentBack",
    "from": [ 14.5, 6, 11.5 ],
    "to": [ 15, 7, 12.5 ],
    "faces": {
        "down":  { "uv": [ 1.5, 12.5, 1, 11.5 ], "texture": "#texture" },
        "up":    { "uv": [ 14.5, 11.5, 15, 12.5 ], "texture": "#texture" },
        "north": { "uv": [ 1, 9, 1.5, 10 ], "texture": "#texture" },
        "south": { "uv": [ 14.5, 9, 15, 10 ], "texture": "#texture" },
        "west":  { "uv": [ 11.5, 9, 12.5, 10 ], "texture": "#texture" },
        "east":  { "uv": [ 3.5, 9, 4.5, 10 ], "texture": "#texture" }
    }
},
{
    "__comment": "OrnamentBack",
    "from": [ 14.5, 8.5, 7.5 ],
    "to": [ 15, 9.5, 8.5 ],
    "faces": {
        "down":  { "uv": [ 1.5, 8.5, 1, 7.5 ], "texture": "#texture" },
        "up":    { "uv": [ 14.5, 7.5, 15, 8.5 ], "texture": "#texture" },
        "north": { "uv": [ 1, 6.5, 1.5, 7.5 ], "texture": "#texture" },
        "south": { "uv": [ 14.5, 6.5, 15, 7.5 ], "texture": "#texture" },
        "west":  { "uv": [ 7.5, 6.5, 8.5, 7.5 ], "texture": "#texture" },
        "east":  { "uv": [ 7.5, 6.5, 8.5, 7.5 ], "texture": "#texture" }
    }
},
{
    "__comment": "OrnamentBack",
    "from": [ 14.5, 8.5, 0 ],
    "to": [ 15, 9.5, 3 ],
    "faces": {
        "down":  { "uv": [ 1.5, 3, 1, 0 ], "texture": "#texture" },
        "up":    { "uv": [ 14.5, 0, 15, 3 ], "texture": "#texture" },
        "north": { "uv": [ 1, 6.5, 1.5, 7.5 ], "texture": "#texture" },
        "south": { "uv": [ 14.5, 6.5, 15, 7.5 ], "texture": "#texture" },
        "west":  { "uv": [ 0, 6.5, 3, 7.5 ], "texture": "#texture" },
        "east":  { "uv": [ 13, 6.5, 16, 7.5 ], "texture": "#texture" }
    }
},
{
    "__comment": "OrnamentBack",
    "from": [ 14.5, 8.5, 13 ],
    "to": [ 15, 9.5, 16 ],
    "faces": {
        "down":  { "uv": [ 1.5, 16, 1, 13 ], "texture": "#texture" },
        "up":    { "uv": [ 14.5, 13, 15, 16 ], "texture": "#texture" },
        "north": { "uv": [ 1, 6.5, 1.5, 7.5 ], "texture": "#texture" },
        "south": { "uv": [ 14.5, 6.5, 15, 7.5 ], "texture": "#texture" },
        "west":  { "uv": [ 13, 6.5, 16, 7.5 ], "texture": "#texture" },
        "east":  { "uv": [ 0, 6.5, 3, 7.5 ], "texture": "#texture" }
    }
},
{
    "from": [ 0, -0.5, 0 ],
    "to": [ 16, 0, 16 ],
    "faces": {
        "down":  { "uv": [ 16, 16, 0, 0 ], "texture": "#texture" },
        "up":    { "uv": [ 0, 0, 16, 16 ], "texture": "#texture" },
        "north": { "uv": [ 0, 16, 16, 16 ], "texture": "#texture" },
        "south": { "uv": [ 0, 16, 16, 16 ], "texture": "#texture" },
        "west":  { "uv": [ 0, 16, 16, 16 ], "texture": "#texture" },
        "east":  { "uv": [ 0, 16, 16, 16 ], "texture": "#texture" }
    }
},
{
    "from": [ 0, 0, 0 ],
    "to": [ 16, 16, 0.5 ],
    "faces": {
        "down":  { "uv": [ 16, 0.5, 0, 0 ], "texture": "#texture" },
        "up":    { "uv": [ 0, 0, 16, 0.5 ], "texture": "#texture" },
        "north": { "uv": [ 0, 0, 16, 16 ], "texture": "#texture" },
        "south": { "uv": [ 0, 0, 16, 16 ], "texture": "#texture" },
        "west":  { "uv": [ 0, 0, 0.5, 16 ], "texture": "#texture" },
        "east":  { "uv": [ 15.5, 0, 16, 16 ], "texture": "#texture" }
    }
},
{
    "from": [ 0, 0, 15.5 ],
    "to": [ 16, 16, 16 ],
    "faces": {
        "down":  { "uv": [ 16, 16, 0, 15.5 ], "texture": "#texture" },
        "up":    { "uv": [ 0, 15.5, 16, 16 ], "texture": "#texture" },
        "north": { "uv": [ 0, 0, 16, 16 ], "texture": "#texture" },
        "south": { "uv": [ 0, 0, 16, 16 ], "texture": "#texture" },
        "west":  { "uv": [ 15.5, 0, 16, 16 ], "texture": "#texture" },
        "east":  { "uv": [ 0, 0, 0.5, 16 ], "texture": "#texture" }
    }
}
]
}