{
"__comment": "Modelled by Merphin with BDcraft Cubik PRO 0.96 Beta - http://bdcraft.net",
"textures": {
    "particle": "blocks/planks_spruce",
    "texture": "blocks/planks_spruce",
    "log_oak": "blocks/log_spruce"
},
"elements": [ 
{
    "from": [ 0.5, 0, 1 ],
    "to": [ 15.5, 1, 15 ],
    "faces": {
        "up":    { "uv": [ 0.5, 1, 15.5, 15 ], "texture": "#log_oak" },
        "north": { "uv": [ 0.5, 15, 15.5, 16 ], "texture": "#log_oak" },
        "south": { "uv": [ 0.5, 15, 15.5, 16 ], "texture": "#log_oak" },
        "west":  { "uv": [ 1, 15, 15, 16 ], "texture": "#log_oak" },
        "east":  { "uv": [ 1, 15, 15, 16 ], "texture": "#log_oak" }
    }
},
{
    "from": [ 0, -0.0625, 0 ],
    "to": [ 16, 0, 16 ],
    "faces": {
        "down":  { "uv": [ 16, 16, 0, 0 ], "texture": "#texture" },
        "up":    { "uv": [ 0, 0, 16, 16 ], "texture": "#texture" }
    }
},
{
    "from": [ 0, 1, 2 ],
    "to": [ 16, 15, 14 ],
    "faces": {
        "north": { "uv": [ 0, 1, 16, 15 ], "texture": "#texture" },
        "south": { "uv": [ 0, 1, 16, 15 ], "texture": "#texture" },
        "west":  { "uv": [ 2, 1, 14, 15 ], "texture": "#texture" },
        "east":  { "uv": [ 2, 1, 14, 15 ], "texture": "#texture" }
    }
},
{
    "from": [ 0, 15, 0 ],
    "to": [ 16, 16, 16 ],
    "faces": {
        "down":  { "uv": [ 16, 16, 0, 0 ], "texture": "#texture" },
        "up":    { "uv": [ 0, 0, 16, 16 ], "texture": "#texture" },
        "north": { "uv": [ 0, 0, 16, 1 ], "texture": "#texture" },
        "south": { "uv": [ 0, 0, 16, 1 ], "texture": "#texture" },
        "west":  { "uv": [ 0, 0, 16, 1 ], "texture": "#texture" },
        "east":  { "uv": [ 0, 0, 16, 1 ], "texture": "#texture" }
    }
},
{
    "from": [ 3.5, 1, 1.5 ],
    "to": [ 4.5, 15, 2 ],
    "faces": {
        "north": { "uv": [ 11.5, 1, 12.5, 15 ], "texture": "#log_oak" },
        "west":  { "uv": [ 1.5, 1, 2, 15 ], "texture": "#log_oak" },
        "east":  { "uv": [ 14, 1, 14.5, 15 ], "texture": "#log_oak" }
    }
},
{
    "from": [ 11.5, 1, 1.5 ],
    "to": [ 12.5, 15, 2 ],
    "faces": {
        "north": { "uv": [ 3.5, 1, 4.5, 15 ], "texture": "#log_oak" },
        "west":  { "uv": [ 1.5, 1, 2, 15 ], "texture": "#log_oak" },
        "east":  { "uv": [ 14, 1, 14.5, 15 ], "texture": "#log_oak" }
    }
},
{
    "from": [ 0.5, 14.5, 1 ],
    "to": [ 15.5, 15, 2 ],
    "faces": {
        "down":  { "uv": [ 15.5, 2, 0.5, 1 ], "texture": "#log_oak" },
        "north": { "uv": [ 0.5, 1, 15.5, 1.5 ], "texture": "#log_oak" },
        "west":  { "uv": [ 1, 1, 2, 1.5 ], "texture": "#log_oak" },
        "east":  { "uv": [ 14, 1, 15, 1.5 ], "texture": "#log_oak" }
    }
},
{
    "from": [ 3.5, 1, 14 ],
    "to": [ 4.5, 15, 14.5 ],
    "faces": {
        "south": { "uv": [ 3.5, 1, 4.5, 15 ], "texture": "#log_oak" },
        "west":  { "uv": [ 14, 1, 14.5, 15 ], "texture": "#log_oak" },
        "east":  { "uv": [ 1.5, 1, 2, 15 ], "texture": "#log_oak" }
    }
},
{
    "from": [ 11.5, 1, 14 ],
    "to": [ 12.5, 15, 14.5 ],
    "faces": {
        "south": { "uv": [ 11.5, 1, 12.5, 15 ], "texture": "#log_oak" },
        "west":  { "uv": [ 14, 1, 14.5, 15 ], "texture": "#log_oak" },
        "east":  { "uv": [ 1.5, 1, 2, 15 ], "texture": "#log_oak" }
    }
},
{
    "from": [ 0.5, 14.5, 14 ],
    "to": [ 15.5, 15, 15 ],
    "faces": {
        "down":  { "uv": [ 15.5, 15, 0.5, 14 ], "texture": "#log_oak" },
        "south": { "uv": [ 0.5, 1, 15.5, 1.5 ], "texture": "#log_oak" },
        "west":  { "uv": [ 14, 1, 15, 1.5 ], "texture": "#log_oak" },
        "east":  { "uv": [ 1, 1, 2, 1.5 ], "texture": "#log_oak" }
    }
},
{
    "from": [ 0, 16, 0.5 ],
    "to": [ 16, 16.5, 15.5 ],
    "faces": {
        "up":    { "uv": [ 0, 0.5, 16, 15.5 ], "texture": "#texture" },
        "north": { "uv": [ 0, 0, 16, 0 ], "texture": "#texture" },
        "south": { "uv": [ 0, 0, 16, 0 ], "texture": "#texture" },
        "west":  { "uv": [ 0.5, 0, 15.5, 0 ], "texture": "#texture" },
        "east":  { "uv": [ 0.5, 0, 15.5, 0 ], "texture": "#texture" }
    }
},
{
    "from": [ 0, 0, 0 ],
    "to": [ 0.5, 16, 16 ],
    "faces": {
        "down":  { "uv": [ 16, 16, 15.5, 0 ], "texture": "#texture" },
        "up":    { "uv": [ 0, 0, 0.5, 16 ], "texture": "#texture" },
        "north": { "uv": [ 15.5, 0, 16, 16 ], "texture": "#texture" },
        "south": { "uv": [ 0, 0, 0.5, 16 ], "texture": "#texture" },
        "west":  { "uv": [ 0, 0, 16, 16 ], "texture": "#texture" },
        "east":  { "uv": [ 0, 0, 16, 16 ], "texture": "#texture" }
    }
},
{
    "from": [ 15.5, 0, 0 ],
    "to": [ 16, 16, 16 ],
    "faces": {
        "down":  { "uv": [ 0.5, 16, 0, 0 ], "texture": "#texture" },
        "up":    { "uv": [ 15.5, 0, 16, 16 ], "texture": "#texture" },
        "north": { "uv": [ 0, 0, 0.5, 16 ], "texture": "#texture" },
        "south": { "uv": [ 15.5, 0, 16, 16 ], "texture": "#texture" },
        "west":  { "uv": [ 0, 0, 16, 16 ], "texture": "#texture" },
        "east":  { "uv": [ 0, 0, 16, 16 ], "texture": "#texture" }
    }
}
]
}