{
"__comment": "Modelled by Merphin with BDcraft Cubik PRO 0.96 Beta - http://bdcraft.net",
"textures": {
    "particle": "blocks/bar_wood",
    "texture": "blocks/bar_wood",
    "anvil_base": "blocks/anvil_base",
    "glass": "blocks/bar_glass",
    "bar_whiskey": "blocks/bar_whiskey",
    "glass_or": "blocks/glass",
    "bar_whiskey2": "blocks/bar_whiskey2",
    "bar_wine": "blocks/bar_wine",
    "bar_wine2": "blocks/bar_wine2"
},
"elements": [ 
{
    "__comment": "Base",
    "from": [ 0.5, -15, -0.5 ],
    "to": [ 16, 30, 0.5 ],
    "faces": {
        "down":  { "uv": [ 15.5, 0.5, 0, 0 ], "texture": "#texture" },
        "north": { "uv": [ 0, 0, 15.5, 16 ], "texture": "#texture" },
        "south": { "uv": [ 0.5, 0, 16, 16 ], "texture": "#texture" },
        "east":  { "uv": [ 15.5, 0, 16, 16 ], "texture": "#texture" }
    }
},
{
    "__comment": "Base",
    "from": [ 0.5, -15, 15.5 ],
    "to": [ 16, 30, 16.5 ],
    "faces": {
        "down":  { "uv": [ 15.5, 16, 0, 15.5 ], "texture": "#texture" },
        "north": { "uv": [ 0, 0, 15.5, 16 ], "texture": "#texture" },
        "south": { "uv": [ 0.5, 0, 16, 16 ], "texture": "#texture" },
        "east":  { "uv": [ 0, 0, 0.5, 16 ], "texture": "#texture" }
    }
},
{
    "__comment": "Base",
    "from": [ 0.5, -15, 31.5 ],
    "to": [ 16, 30, 32 ],
    "faces": {
        "down":  { "uv": [ 15.5, 16, 0, 16 ], "texture": "#texture" },
        "north": { "uv": [ 0, 0, 15.5, 16 ], "texture": "#texture" },
        "south": { "uv": [ 0.5, 0, 16, 16 ], "texture": "#texture" },
        "east":  { "uv": [ 0, 0, 0, 16 ], "texture": "#texture" }
    }
},
{
    "__comment": "Base",
    "from": [ 0.5, -15, -16 ],
    "to": [ 16, 30, -15.5 ],
    "faces": {
        "down":  { "uv": [ 15.5, 0, 0, 0 ], "texture": "#texture" },
        "north": { "uv": [ 0, 0, 15.5, 16 ], "texture": "#texture" },
        "south": { "uv": [ 0.5, 0, 16, 16 ], "texture": "#texture" },
        "east":  { "uv": [ 16, 0, 16, 16 ], "texture": "#texture" }
    }
},
{
    "__comment": "Base",
    "from": [ 0.5, -16, -16 ],
    "to": [ 16, -14, 32 ],
    "faces": {
        "down":  { "uv": [ 15.5, 16, 0, 0 ], "texture": "#texture" },
        "up":    { "uv": [ 0.5, 0, 16, 16 ], "texture": "#texture" },
        "north": { "uv": [ 0, 16, 15.5, 16 ], "texture": "#texture" },
        "south": { "uv": [ 0.5, 16, 16, 16 ], "texture": "#texture" },
        "east":  { "uv": [ 0, 16, 16, 16 ], "texture": "#texture" }
    }
},
{
    "__comment": "Base",
    "from": [ 0.5, 30, -16 ],
    "to": [ 16, 31, 32 ],
    "faces": {
        "down":  { "uv": [ 15.5, 16, 0, 0 ], "texture": "#texture" },
        "north": { "uv": [ 0, 0, 15.5, 0 ], "texture": "#texture" },
        "south": { "uv": [ 0.5, 0, 16, 0 ], "texture": "#texture" },
        "east":  { "uv": [ 0, 0, 16, 0 ], "texture": "#texture" }
    }
},
{
    "__comment": "Base",
    "from": [ 0, -16, -16 ],
    "to": [ 0.5, 31, 32 ],
    "faces": {
        "down":  { "uv": [ 16, 16, 15.5, 0 ], "texture": "#texture" },
        "north": { "uv": [ 15.5, 0, 16, 16 ], "texture": "#texture" },
        "south": { "uv": [ 0, 0, 0.5, 16 ], "texture": "#texture" },
        "west":  { "uv": [ 0, 0, 16, 16 ], "texture": "#texture" },
        "east":  { "uv": [ 0, 0, 16, 16 ], "texture": "#texture" }
    }
},
{
    "__comment": "Base",
    "from": [ 0.5, 13.5, -15.5 ],
    "to": [ 14.5, 14.5, 31.5 ],
    "faces": {
        "down":  { "uv": [ 15.5, 16, 1.5, 0 ], "texture": "#texture" },
        "up":    { "uv": [ 0.5, 0, 14.5, 16 ], "texture": "#texture" },
        "east":  { "uv": [ 0, 1.5, 16, 2.5 ], "texture": "#texture" }
    }
},
{
    "__comment": "Base",
    "from": [ 0.5, -3.5, -15.5 ],
    "to": [ 14.5, -2.5, 31.5 ],
    "faces": {
        "down":  { "uv": [ 15.5, 16, 1.5, 0 ], "texture": "#texture" },
        "up":    { "uv": [ 0.5, 0, 14.5, 16 ], "texture": "#texture" },
        "east":  { "uv": [ 0, 16, 16, 16 ], "texture": "#texture" }
    }
},
{
    "__comment": "Base",
    "from": [ 14.5, 16, -15.5 ],
    "to": [ 15.5, 17, 31.5 ],
    "rotation": { "origin": [ 14.5, 17, -15.5 ], "axis": "z", "angle": 45 },
    "faces": {
        "down":  { "uv": [ 0, 16, 0, 0 ], "texture": "#anvil_base" },
        "up":    { "uv": [ 16, 0, 16, 16 ], "texture": "#anvil_base" },
        "west":  { "uv": [ 0, 0, 16, 0 ], "texture": "#anvil_base" },
        "east":  { "uv": [ 0, 0, 16, 0 ], "texture": "#anvil_base" }
    }
},
{
    "__comment": "Base",
    "from": [ 14.5, -1, -16 ],
    "to": [ 15.5, 0, 32 ],
    "rotation": { "origin": [ 14.5, 0, -16 ], "axis": "z", "angle": 45 },
    "faces": {
        "down":  { "uv": [ 0, 16, 0, 0 ], "texture": "#anvil_base" },
        "up":    { "uv": [ 16, 0, 16, 16 ], "texture": "#anvil_base" },
        "north": { "uv": [ 0, 0, 0, 0 ], "texture": "#anvil_base" },
        "south": { "uv": [ 16, 0, 16, 0 ], "texture": "#anvil_base" },
        "west":  { "uv": [ 0, 0, 16, 0 ], "texture": "#anvil_base" },
        "east":  { "uv": [ 0, 0, 16, 0 ], "texture": "#anvil_base" }
    }
},
{
    "__comment": "Base",
    "from": [ 0.5, -15, -15.5 ],
    "to": [ 6.5, 30, 31.5 ],
    "faces": {
        "down":  { "uv": [ 15.5, 16, 9.5, 0 ], "texture": "#texture" },
        "east":  { "uv": [ 0, 0, 16, 16 ], "texture": "#texture" }
    }
},
{
    "__comment": "Base",
    "from": [ -0.5, 31, -16 ],
    "to": [ 18, 32, 32 ],
    "faces": {
        "down":  { "uv": [ 16, 16, 0, 0 ], "texture": "#texture" },
        "up":    { "uv": [ 0, 0, 16, 16 ], "texture": "#texture" },
        "north": { "uv": [ 0, 0, 16, 0 ], "texture": "#texture" },
        "south": { "uv": [ 0, 0, 16, 0 ], "texture": "#texture" },
        "west":  { "uv": [ 0, 0, 16, 0 ], "texture": "#texture" },
        "east":  { "uv": [ 0, 0, 16, 0 ], "texture": "#texture" }
    }
},
{
    "__comment": "Base",
    "from": [ 16, 30.5, -16 ],
    "to": [ 16.5, 31, 32 ],
    "faces": {
        "down":  { "uv": [ 0, 16, 0, 0 ], "texture": "#texture" },
        "north": { "uv": [ 0, 0, 0, 0 ], "texture": "#texture" },
        "south": { "uv": [ 16, 0, 16, 0 ], "texture": "#texture" },
        "east":  { "uv": [ 0, 0, 16, 0 ], "texture": "#texture" }
    }
},
{
    "__comment": "Glass1",
    "from": [ 12, -13.5, 27.5 ],
    "to": [ 12.5, -10.5, 28 ],
    "faces": {
        "down":  { "uv": [ 4, 16, 3.5, 16 ], "texture": "#glass" },
        "north": { "uv": [ 12.5, 16, 12, 16 ], "texture": "#glass" },
        "south": { "uv": [ 12, 16, 12.5, 16 ], "texture": "#glass" },
        "west":  { "uv": [ 16, 16, 16, 16 ], "texture": "#glass" },
        "east":  { "uv": [ 16, 16, 16, 16 ], "texture": "#glass" }
    }
},
{
    "__comment": "Glass1",
    "from": [ 10.875, -14, 27.75 ],
    "to": [ 12.875, -13.5, 29.75 ],
    "rotation": { "origin": [ 10.875, -14, 27.75 ], "axis": "y", "angle": 45 },
    "faces": {
        "up":    { "uv": [ 10.875, 16, 12.875, 16 ], "texture": "#glass" },
        "north": { "uv": [ 12.875, 16, 10.875, 16 ], "texture": "#glass" },
        "south": { "uv": [ 10.875, 16, 12.875, 16 ], "texture": "#glass" },
        "west":  { "uv": [ 16, 16, 16, 16 ], "texture": "#glass" },
        "east":  { "uv": [ 16, 16, 16, 16 ], "texture": "#glass" }
    }
},
{
    "__comment": "Glass1",
    "from": [ 11.5, -10.5, 27 ],
    "to": [ 13, -10, 28.5 ],
    "faces": {
        "down":  { "uv": [ 4.5, 16, 3, 16 ], "texture": "#glass" },
        "north": { "uv": [ 13, 16, 11.5, 16 ], "texture": "#glass" },
        "south": { "uv": [ 11.5, 16, 13, 16 ], "texture": "#glass" },
        "west":  { "uv": [ 16, 16, 16, 16 ], "texture": "#glass" },
        "east":  { "uv": [ 16, 16, 16, 16 ], "texture": "#glass" }
    }
},
{
    "__comment": "Glass1",
    "from": [ 11, -10, 26.5 ],
    "to": [ 13.5, -9.5, 29 ],
    "faces": {
        "down":  { "uv": [ 5, 16, 2.5, 16 ], "texture": "#glass" },
        "north": { "uv": [ 13.5, 16, 11, 16 ], "texture": "#glass" },
        "south": { "uv": [ 11, 16, 13.5, 16 ], "texture": "#glass" },
        "west":  { "uv": [ 16, 16, 16, 16 ], "texture": "#glass" },
        "east":  { "uv": [ 16, 16, 16, 16 ], "texture": "#glass" }
    }
},
{
    "__comment": "Glass1",
    "from": [ 10.5, -9.5, 26 ],
    "to": [ 14, -9, 29.5 ],
    "faces": {
        "down":  { "uv": [ 5.5, 16, 2, 16 ], "texture": "#glass" },
        "up":    { "uv": [ 10.5, 16, 14, 16 ], "texture": "#glass" },
        "north": { "uv": [ 14, 16, 10.5, 16 ], "texture": "#glass" },
        "south": { "uv": [ 10.5, 16, 14, 16 ], "texture": "#glass" },
        "west":  { "uv": [ 16, 16, 16, 16 ], "texture": "#glass" },
        "east":  { "uv": [ 16, 16, 16, 16 ], "texture": "#glass" }
    }
},
{
    "__comment": "Glass1",
    "from": [ 10.5, -9, 26 ],
    "to": [ 14, -8, 26.5 ],
    "faces": {
        "up":    { "uv": [ 10.5, 16, 14, 16 ], "texture": "#glass" },
        "north": { "uv": [ 14, 16, 10.5, 16 ], "texture": "#glass" },
        "south": { "uv": [ 10.5, 16, 14, 16 ], "texture": "#glass" },
        "west":  { "uv": [ 16, 16, 16, 16 ], "texture": "#glass" },
        "east":  { "uv": [ 16, 16, 16, 16 ], "texture": "#glass" }
    }
},
{
    "__comment": "Glass1",
    "from": [ 10.5, -9, 29 ],
    "to": [ 14, -8, 29.5 ],
    "faces": {
        "up":    { "uv": [ 10.5, 16, 14, 16 ], "texture": "#glass" },
        "north": { "uv": [ 14, 16, 10.5, 16 ], "texture": "#glass" },
        "south": { "uv": [ 10.5, 16, 14, 16 ], "texture": "#glass" },
        "west":  { "uv": [ 16, 16, 16, 16 ], "texture": "#glass" },
        "east":  { "uv": [ 16, 16, 16, 16 ], "texture": "#glass" }
    }
},
{
    "__comment": "Glass1",
    "from": [ 10, -9, 26.5 ],
    "to": [ 11, -8, 29 ],
    "faces": {
        "down":  { "uv": [ 6, 16, 5, 16 ], "texture": "#glass" },
        "up":    { "uv": [ 10, 16, 11, 16 ], "texture": "#glass" },
        "north": { "uv": [ 11, 16, 10, 16 ], "texture": "#glass" },
        "south": { "uv": [ 10, 16, 11, 16 ], "texture": "#glass" },
        "west":  { "uv": [ 16, 16, 16, 16 ], "texture": "#glass" },
        "east":  { "uv": [ 16, 16, 16, 16 ], "texture": "#glass" }
    }
},
{
    "__comment": "Glass1",
    "from": [ 13.5, -9, 26.5 ],
    "to": [ 14.5, -8, 29 ],
    "faces": {
        "down":  { "uv": [ 2.5, 16, 1.5, 16 ], "texture": "#glass" },
        "up":    { "uv": [ 13.5, 16, 14.5, 16 ], "texture": "#glass" },
        "north": { "uv": [ 14.5, 16, 13.5, 16 ], "texture": "#glass" },
        "south": { "uv": [ 13.5, 16, 14.5, 16 ], "texture": "#glass" },
        "west":  { "uv": [ 16, 16, 16, 16 ], "texture": "#glass" },
        "east":  { "uv": [ 16, 16, 16, 16 ], "texture": "#glass" }
    }
},
{
    "__comment": "Glass1",
    "from": [ 11, -9, 25.5 ],
    "to": [ 13.5, -8, 26 ],
    "faces": {
        "down":  { "uv": [ 5, 16, 2.5, 16 ], "texture": "#glass" },
        "up":    { "uv": [ 11, 16, 13.5, 16 ], "texture": "#glass" },
        "north": { "uv": [ 13.5, 16, 11, 16 ], "texture": "#glass" },
        "west":  { "uv": [ 16, 16, 16, 16 ], "texture": "#glass" },
        "east":  { "uv": [ 16, 16, 16, 16 ], "texture": "#glass" }
    }
},
{
    "__comment": "Glass1",
    "from": [ 11, -9, 29.5 ],
    "to": [ 13.5, -8, 30 ],
    "faces": {
        "down":  { "uv": [ 5, 16, 2.5, 16 ], "texture": "#glass" },
        "up":    { "uv": [ 11, 16, 13.5, 16 ], "texture": "#glass" },
        "south": { "uv": [ 11, 16, 13.5, 16 ], "texture": "#glass" },
        "west":  { "uv": [ 16, 16, 16, 16 ], "texture": "#glass" },
        "east":  { "uv": [ 16, 16, 16, 16 ], "texture": "#glass" }
    }
},
{
    "__comment": "Glass2",
    "from": [ 10, -13.5, 20.5 ],
    "to": [ 10.5, -10.5, 21 ],
    "faces": {
        "down":  { "uv": [ 4, 16, 3.5, 16 ], "texture": "#glass" },
        "north": { "uv": [ 12.5, 16, 12, 16 ], "texture": "#glass" },
        "south": { "uv": [ 12, 16, 12.5, 16 ], "texture": "#glass" },
        "west":  { "uv": [ 16, 16, 16, 16 ], "texture": "#glass" },
        "east":  { "uv": [ 16, 16, 16, 16 ], "texture": "#glass" }
    }
},
{
    "__comment": "Glass2",
    "from": [ 8.875, -14, 20.75 ],
    "to": [ 10.875, -13.5, 22.75 ],
    "rotation": { "origin": [ 8.875, -14, 20.75 ], "axis": "y", "angle": 45 },
    "faces": {
        "up":    { "uv": [ 10.875, 16, 12.875, 16 ], "texture": "#glass" },
        "north": { "uv": [ 12.875, 16, 10.875, 16 ], "texture": "#glass" },
        "south": { "uv": [ 10.875, 16, 12.875, 16 ], "texture": "#glass" },
        "west":  { "uv": [ 16, 16, 16, 16 ], "texture": "#glass" },
        "east":  { "uv": [ 16, 16, 16, 16 ], "texture": "#glass" }
    }
},
{
    "__comment": "Glass2",
    "from": [ 9.5, -10.5, 20 ],
    "to": [ 11, -10, 21.5 ],
    "faces": {
        "down":  { "uv": [ 4.5, 16, 3, 16 ], "texture": "#glass" },
        "north": { "uv": [ 13, 16, 11.5, 16 ], "texture": "#glass" },
        "south": { "uv": [ 11.5, 16, 13, 16 ], "texture": "#glass" },
        "west":  { "uv": [ 16, 16, 16, 16 ], "texture": "#glass" },
        "east":  { "uv": [ 16, 16, 16, 16 ], "texture": "#glass" }
    }
},
{
    "__comment": "Glass2",
    "from": [ 9, -10, 19.5 ],
    "to": [ 11.5, -9.5, 22 ],
    "faces": {
        "down":  { "uv": [ 5, 16, 2.5, 16 ], "texture": "#glass" },
        "north": { "uv": [ 13.5, 16, 11, 16 ], "texture": "#glass" },
        "south": { "uv": [ 11, 16, 13.5, 16 ], "texture": "#glass" },
        "west":  { "uv": [ 16, 16, 16, 16 ], "texture": "#glass" },
        "east":  { "uv": [ 16, 16, 16, 16 ], "texture": "#glass" }
    }
},
{
    "__comment": "Glass2",
    "from": [ 8.5, -9.5, 19 ],
    "to": [ 12, -9, 22.5 ],
    "faces": {
        "down":  { "uv": [ 5.5, 16, 2, 16 ], "texture": "#glass" },
        "up":    { "uv": [ 10.5, 16, 14, 16 ], "texture": "#glass" },
        "north": { "uv": [ 14, 16, 10.5, 16 ], "texture": "#glass" },
        "south": { "uv": [ 10.5, 16, 14, 16 ], "texture": "#glass" },
        "west":  { "uv": [ 16, 16, 16, 16 ], "texture": "#glass" },
        "east":  { "uv": [ 16, 16, 16, 16 ], "texture": "#glass" }
    }
},
{
    "__comment": "Glass2",
    "from": [ 8.5, -9, 19 ],
    "to": [ 12, -8, 19.5 ],
    "faces": {
        "up":    { "uv": [ 10.5, 16, 14, 16 ], "texture": "#glass" },
        "north": { "uv": [ 14, 16, 10.5, 16 ], "texture": "#glass" },
        "south": { "uv": [ 10.5, 16, 14, 16 ], "texture": "#glass" },
        "west":  { "uv": [ 16, 16, 16, 16 ], "texture": "#glass" },
        "east":  { "uv": [ 16, 16, 16, 16 ], "texture": "#glass" }
    }
},
{
    "__comment": "Glass2",
    "from": [ 8.5, -9, 22 ],
    "to": [ 12, -8, 22.5 ],
    "faces": {
        "up":    { "uv": [ 10.5, 16, 14, 16 ], "texture": "#glass" },
        "north": { "uv": [ 14, 16, 10.5, 16 ], "texture": "#glass" },
        "south": { "uv": [ 10.5, 16, 14, 16 ], "texture": "#glass" },
        "west":  { "uv": [ 16, 16, 16, 16 ], "texture": "#glass" },
        "east":  { "uv": [ 16, 16, 16, 16 ], "texture": "#glass" }
    }
},
{
    "__comment": "Glass2",
    "from": [ 8, -9, 19.5 ],
    "to": [ 9, -8, 22 ],
    "faces": {
        "down":  { "uv": [ 6, 16, 5, 16 ], "texture": "#glass" },
        "up":    { "uv": [ 10, 16, 11, 16 ], "texture": "#glass" },
        "north": { "uv": [ 11, 16, 10, 16 ], "texture": "#glass" },
        "south": { "uv": [ 10, 16, 11, 16 ], "texture": "#glass" },
        "west":  { "uv": [ 16, 16, 16, 16 ], "texture": "#glass" },
        "east":  { "uv": [ 16, 16, 16, 16 ], "texture": "#glass" }
    }
},
{
    "__comment": "Glass2",
    "from": [ 11.5, -9, 19.5 ],
    "to": [ 12.5, -8, 22 ],
    "faces": {
        "down":  { "uv": [ 2.5, 16, 1.5, 16 ], "texture": "#glass" },
        "up":    { "uv": [ 13.5, 16, 14.5, 16 ], "texture": "#glass" },
        "north": { "uv": [ 14.5, 16, 13.5, 16 ], "texture": "#glass" },
        "south": { "uv": [ 13.5, 16, 14.5, 16 ], "texture": "#glass" },
        "west":  { "uv": [ 16, 16, 16, 16 ], "texture": "#glass" },
        "east":  { "uv": [ 16, 16, 16, 16 ], "texture": "#glass" }
    }
},
{
    "__comment": "Glass2",
    "from": [ 9, -9, 18.5 ],
    "to": [ 11.5, -8, 19 ],
    "faces": {
        "down":  { "uv": [ 5, 16, 2.5, 16 ], "texture": "#glass" },
        "up":    { "uv": [ 11, 16, 13.5, 16 ], "texture": "#glass" },
        "north": { "uv": [ 13.5, 16, 11, 16 ], "texture": "#glass" },
        "west":  { "uv": [ 16, 16, 16, 16 ], "texture": "#glass" },
        "east":  { "uv": [ 16, 16, 16, 16 ], "texture": "#glass" }
    }
},
{
    "__comment": "Glass2",
    "from": [ 9, -9, 22.5 ],
    "to": [ 11.5, -8, 23 ],
    "faces": {
        "down":  { "uv": [ 5, 16, 2.5, 16 ], "texture": "#glass" },
        "up":    { "uv": [ 11, 16, 13.5, 16 ], "texture": "#glass" },
        "south": { "uv": [ 11, 16, 13.5, 16 ], "texture": "#glass" },
        "west":  { "uv": [ 16, 16, 16, 16 ], "texture": "#glass" },
        "east":  { "uv": [ 16, 16, 16, 16 ], "texture": "#glass" }
    }
},
{
    "__comment": "Glass3",
    "from": [ 11, -13.5, 10.5 ],
    "to": [ 11.5, -10.5, 11 ],
    "faces": {
        "down":  { "uv": [ 4, 16, 3.5, 16 ], "texture": "#glass" },
        "north": { "uv": [ 12.5, 16, 12, 16 ], "texture": "#glass" },
        "south": { "uv": [ 12, 16, 12.5, 16 ], "texture": "#glass" },
        "west":  { "uv": [ 16, 16, 16, 16 ], "texture": "#glass" },
        "east":  { "uv": [ 16, 16, 16, 16 ], "texture": "#glass" }
    }
},
{
    "__comment": "Glass3",
    "from": [ 9.875, -14, 10.75 ],
    "to": [ 11.875, -13.5, 12.75 ],
    "rotation": { "origin": [ 9.875, -14, 10.75 ], "axis": "y", "angle": 45 },
    "faces": {
        "up":    { "uv": [ 10.875, 16, 12.875, 16 ], "texture": "#glass" },
        "north": { "uv": [ 12.875, 16, 10.875, 16 ], "texture": "#glass" },
        "south": { "uv": [ 10.875, 16, 12.875, 16 ], "texture": "#glass" },
        "west":  { "uv": [ 16, 16, 16, 16 ], "texture": "#glass" },
        "east":  { "uv": [ 16, 16, 16, 16 ], "texture": "#glass" }
    }
},
{
    "__comment": "Glass3",
    "from": [ 10.5, -10.5, 10 ],
    "to": [ 12, -10, 11.5 ],
    "faces": {
        "down":  { "uv": [ 4.5, 16, 3, 16 ], "texture": "#glass" },
        "north": { "uv": [ 13, 16, 11.5, 16 ], "texture": "#glass" },
        "south": { "uv": [ 11.5, 16, 13, 16 ], "texture": "#glass" },
        "west":  { "uv": [ 16, 16, 16, 16 ], "texture": "#glass" },
        "east":  { "uv": [ 16, 16, 16, 16 ], "texture": "#glass" }
    }
},
{
    "__comment": "Glass3",
    "from": [ 10, -10, 9.5 ],
    "to": [ 12.5, -9.5, 12 ],
    "faces": {
        "down":  { "uv": [ 5, 16, 2.5, 16 ], "texture": "#glass" },
        "north": { "uv": [ 13.5, 16, 11, 16 ], "texture": "#glass" },
        "south": { "uv": [ 11, 16, 13.5, 16 ], "texture": "#glass" },
        "west":  { "uv": [ 16, 16, 16, 16 ], "texture": "#glass" },
        "east":  { "uv": [ 16, 16, 16, 16 ], "texture": "#glass" }
    }
},
{
    "__comment": "Glass3",
    "from": [ 9.5, -9.5, 9 ],
    "to": [ 13, -9, 12.5 ],
    "faces": {
        "down":  { "uv": [ 5.5, 16, 2, 16 ], "texture": "#glass" },
        "up":    { "uv": [ 10.5, 16, 14, 16 ], "texture": "#glass" },
        "north": { "uv": [ 14, 16, 10.5, 16 ], "texture": "#glass" },
        "south": { "uv": [ 10.5, 16, 14, 16 ], "texture": "#glass" },
        "west":  { "uv": [ 16, 16, 16, 16 ], "texture": "#glass" },
        "east":  { "uv": [ 16, 16, 16, 16 ], "texture": "#glass" }
    }
},
{
    "__comment": "Glass3",
    "from": [ 9.5, -9, 9 ],
    "to": [ 13, -8, 9.5 ],
    "faces": {
        "up":    { "uv": [ 10.5, 16, 14, 16 ], "texture": "#glass" },
        "north": { "uv": [ 14, 16, 10.5, 16 ], "texture": "#glass" },
        "south": { "uv": [ 10.5, 16, 14, 16 ], "texture": "#glass" },
        "west":  { "uv": [ 16, 16, 16, 16 ], "texture": "#glass" },
        "east":  { "uv": [ 16, 16, 16, 16 ], "texture": "#glass" }
    }
},
{
    "__comment": "Glass3",
    "from": [ 9.5, -9, 12 ],
    "to": [ 13, -8, 12.5 ],
    "faces": {
        "up":    { "uv": [ 10.5, 16, 14, 16 ], "texture": "#glass" },
        "north": { "uv": [ 14, 16, 10.5, 16 ], "texture": "#glass" },
        "south": { "uv": [ 10.5, 16, 14, 16 ], "texture": "#glass" },
        "west":  { "uv": [ 16, 16, 16, 16 ], "texture": "#glass" },
        "east":  { "uv": [ 16, 16, 16, 16 ], "texture": "#glass" }
    }
},
{
    "__comment": "Glass3",
    "from": [ 9, -9, 9.5 ],
    "to": [ 10, -8, 12 ],
    "faces": {
        "down":  { "uv": [ 6, 16, 5, 16 ], "texture": "#glass" },
        "up":    { "uv": [ 10, 16, 11, 16 ], "texture": "#glass" },
        "north": { "uv": [ 11, 16, 10, 16 ], "texture": "#glass" },
        "south": { "uv": [ 10, 16, 11, 16 ], "texture": "#glass" },
        "west":  { "uv": [ 16, 16, 16, 16 ], "texture": "#glass" },
        "east":  { "uv": [ 16, 16, 16, 16 ], "texture": "#glass" }
    }
},
{
    "__comment": "Glass3",
    "from": [ 12.5, -9, 9.5 ],
    "to": [ 13.5, -8, 12 ],
    "faces": {
        "down":  { "uv": [ 2.5, 16, 1.5, 16 ], "texture": "#glass" },
        "up":    { "uv": [ 13.5, 16, 14.5, 16 ], "texture": "#glass" },
        "north": { "uv": [ 14.5, 16, 13.5, 16 ], "texture": "#glass" },
        "south": { "uv": [ 13.5, 16, 14.5, 16 ], "texture": "#glass" },
        "west":  { "uv": [ 16, 16, 16, 16 ], "texture": "#glass" },
        "east":  { "uv": [ 16, 16, 16, 16 ], "texture": "#glass" }
    }
},
{
    "__comment": "Glass3",
    "from": [ 10, -9, 8.5 ],
    "to": [ 12.5, -8, 9 ],
    "faces": {
        "down":  { "uv": [ 5, 16, 2.5, 16 ], "texture": "#glass" },
        "up":    { "uv": [ 11, 16, 13.5, 16 ], "texture": "#glass" },
        "north": { "uv": [ 13.5, 16, 11, 16 ], "texture": "#glass" },
        "west":  { "uv": [ 16, 16, 16, 16 ], "texture": "#glass" },
        "east":  { "uv": [ 16, 16, 16, 16 ], "texture": "#glass" }
    }
},
{
    "__comment": "Glass3",
    "from": [ 10, -9, 12.5 ],
    "to": [ 12.5, -8, 13 ],
    "faces": {
        "down":  { "uv": [ 5, 16, 2.5, 16 ], "texture": "#glass" },
        "up":    { "uv": [ 11, 16, 13.5, 16 ], "texture": "#glass" },
        "south": { "uv": [ 11, 16, 13.5, 16 ], "texture": "#glass" },
        "west":  { "uv": [ 16, 16, 16, 16 ], "texture": "#glass" },
        "east":  { "uv": [ 16, 16, 16, 16 ], "texture": "#glass" }
    }
},
{
    "__comment": "Glass4",
    "from": [ 9, -13.5, -9.5 ],
    "to": [ 9.5, -10.5, -9 ],
    "faces": {
        "down":  { "uv": [ 4, 16, 3.5, 16 ], "texture": "#glass" },
        "north": { "uv": [ 12.5, 16, 12, 16 ], "texture": "#glass" },
        "south": { "uv": [ 12, 16, 12.5, 16 ], "texture": "#glass" },
        "west":  { "uv": [ 16, 16, 16, 16 ], "texture": "#glass" },
        "east":  { "uv": [ 16, 16, 16, 16 ], "texture": "#glass" }
    }
},
{
    "__comment": "Glass4",
    "from": [ 7.875, -14, -9.25 ],
    "to": [ 9.875, -13.5, -7.25 ],
    "rotation": { "origin": [ 7.875, -14, -9.25 ], "axis": "y", "angle": 45 },
    "faces": {
        "up":    { "uv": [ 10.875, 16, 12.875, 16 ], "texture": "#glass" },
        "north": { "uv": [ 12.875, 16, 10.875, 16 ], "texture": "#glass" },
        "south": { "uv": [ 10.875, 16, 12.875, 16 ], "texture": "#glass" },
        "west":  { "uv": [ 16, 16, 16, 16 ], "texture": "#glass" },
        "east":  { "uv": [ 16, 16, 16, 16 ], "texture": "#glass" }
    }
},
{
    "__comment": "Glass4",
    "from": [ 8.5, -10.5, -10 ],
    "to": [ 10, -10, -8.5 ],
    "faces": {
        "down":  { "uv": [ 4.5, 16, 3, 16 ], "texture": "#glass" },
        "north": { "uv": [ 13, 16, 11.5, 16 ], "texture": "#glass" },
        "south": { "uv": [ 11.5, 16, 13, 16 ], "texture": "#glass" },
        "west":  { "uv": [ 16, 16, 16, 16 ], "texture": "#glass" },
        "east":  { "uv": [ 16, 16, 16, 16 ], "texture": "#glass" }
    }
},
{
    "__comment": "Glass4",
    "from": [ 8, -10, -10.5 ],
    "to": [ 10.5, -9.5, -8 ],
    "faces": {
        "down":  { "uv": [ 5, 16, 2.5, 16 ], "texture": "#glass" },
        "north": { "uv": [ 13.5, 16, 11, 16 ], "texture": "#glass" },
        "south": { "uv": [ 11, 16, 13.5, 16 ], "texture": "#glass" },
        "west":  { "uv": [ 16, 16, 16, 16 ], "texture": "#glass" },
        "east":  { "uv": [ 16, 16, 16, 16 ], "texture": "#glass" }
    }
},
{
    "__comment": "Glass4",
    "from": [ 7.5, -9.5, -11 ],
    "to": [ 11, -9, -7.5 ],
    "faces": {
        "down":  { "uv": [ 5.5, 16, 2, 16 ], "texture": "#glass" },
        "up":    { "uv": [ 10.5, 16, 14, 16 ], "texture": "#glass" },
        "north": { "uv": [ 14, 16, 10.5, 16 ], "texture": "#glass" },
        "south": { "uv": [ 10.5, 16, 14, 16 ], "texture": "#glass" },
        "west":  { "uv": [ 16, 16, 16, 16 ], "texture": "#glass" },
        "east":  { "uv": [ 16, 16, 16, 16 ], "texture": "#glass" }
    }
},
{
    "__comment": "Glass4",
    "from": [ 7.5, -9, -11 ],
    "to": [ 11, -8, -10.5 ],
    "faces": {
        "up":    { "uv": [ 10.5, 16, 14, 16 ], "texture": "#glass" },
        "north": { "uv": [ 14, 16, 10.5, 16 ], "texture": "#glass" },
        "south": { "uv": [ 10.5, 16, 14, 16 ], "texture": "#glass" },
        "west":  { "uv": [ 16, 16, 16, 16 ], "texture": "#glass" },
        "east":  { "uv": [ 16, 16, 16, 16 ], "texture": "#glass" }
    }
},
{
    "__comment": "Glass4",
    "from": [ 7.5, -9, -8 ],
    "to": [ 11, -8, -7.5 ],
    "faces": {
        "up":    { "uv": [ 10.5, 16, 14, 16 ], "texture": "#glass" },
        "north": { "uv": [ 14, 16, 10.5, 16 ], "texture": "#glass" },
        "south": { "uv": [ 10.5, 16, 14, 16 ], "texture": "#glass" },
        "west":  { "uv": [ 16, 16, 16, 16 ], "texture": "#glass" },
        "east":  { "uv": [ 16, 16, 16, 16 ], "texture": "#glass" }
    }
},
{
    "__comment": "Glass4",
    "from": [ 7, -9, -10.5 ],
    "to": [ 8, -8, -8 ],
    "faces": {
        "down":  { "uv": [ 6, 16, 5, 16 ], "texture": "#glass" },
        "up":    { "uv": [ 10, 16, 11, 16 ], "texture": "#glass" },
        "north": { "uv": [ 11, 16, 10, 16 ], "texture": "#glass" },
        "south": { "uv": [ 10, 16, 11, 16 ], "texture": "#glass" },
        "west":  { "uv": [ 16, 16, 16, 16 ], "texture": "#glass" },
        "east":  { "uv": [ 16, 16, 16, 16 ], "texture": "#glass" }
    }
},
{
    "__comment": "Glass4",
    "from": [ 10.5, -9, -10.5 ],
    "to": [ 11.5, -8, -8 ],
    "faces": {
        "down":  { "uv": [ 2.5, 16, 1.5, 16 ], "texture": "#glass" },
        "up":    { "uv": [ 13.5, 16, 14.5, 16 ], "texture": "#glass" },
        "north": { "uv": [ 14.5, 16, 13.5, 16 ], "texture": "#glass" },
        "south": { "uv": [ 13.5, 16, 14.5, 16 ], "texture": "#glass" },
        "west":  { "uv": [ 16, 16, 16, 16 ], "texture": "#glass" },
        "east":  { "uv": [ 16, 16, 16, 16 ], "texture": "#glass" }
    }
},
{
    "__comment": "Glass4",
    "from": [ 8, -9, -11.5 ],
    "to": [ 10.5, -8, -11 ],
    "faces": {
        "down":  { "uv": [ 5, 16, 2.5, 16 ], "texture": "#glass" },
        "up":    { "uv": [ 11, 16, 13.5, 16 ], "texture": "#glass" },
        "north": { "uv": [ 13.5, 16, 11, 16 ], "texture": "#glass" },
        "west":  { "uv": [ 16, 16, 16, 16 ], "texture": "#glass" },
        "east":  { "uv": [ 16, 16, 16, 16 ], "texture": "#glass" }
    }
},
{
    "__comment": "Glass4",
    "from": [ 8, -9, -7.5 ],
    "to": [ 10.5, -8, -7 ],
    "faces": {
        "down":  { "uv": [ 5, 16, 2.5, 16 ], "texture": "#glass" },
        "up":    { "uv": [ 11, 16, 13.5, 16 ], "texture": "#glass" },
        "south": { "uv": [ 11, 16, 13.5, 16 ], "texture": "#glass" },
        "west":  { "uv": [ 16, 16, 16, 16 ], "texture": "#glass" },
        "east":  { "uv": [ 16, 16, 16, 16 ], "texture": "#glass" }
    }
},
{
    "__comment": "Bottles",
    "from": [ 10, -2.5, 2.5 ],
    "to": [ 13, 4.5, 6.5 ],
    "faces": {
        "up":    { "uv": [ 0, 0, 16, 16 ], "texture": "#glass_or" },
        "north": { "uv": [ 6, 0, 12, 16 ], "texture": "#bar_whiskey" },
        "south": { "uv": [ 6, 0, 12, 16 ], "texture": "#bar_whiskey" },
        "west":  { "uv": [ 2.5, 0, 8, 16 ], "texture": "#bar_whiskey" },
        "east":  { "uv": [ 2.5, 0, 8, 16 ], "texture": "#bar_whiskey" }
    }
},
{
    "__comment": "Bottles",
    "from": [ 11, 4.5, 4 ],
    "to": [ 12, 6, 5 ],
    "faces": {
        "up":    { "uv": [ 11, 4, 12, 5 ], "texture": "#glass" },
        "north": { "uv": [ 4, 10, 5, 11.5 ], "texture": "#glass" },
        "south": { "uv": [ 11, 10, 12, 11.5 ], "texture": "#glass" },
        "west":  { "uv": [ 4, 10, 5, 11.5 ], "texture": "#glass" },
        "east":  { "uv": [ 11, 10, 12, 11.5 ], "texture": "#glass" }
    }
},
{
    "__comment": "Bottles",
    "from": [ 11.0625, 5.5, 3.5 ],
    "to": [ 12.0625, 6.5, 5.5 ],
    "faces": {
        "down":  { "uv": [ 4.9375, 5.5, 3.9375, 3.5 ], "texture": "#texture" },
        "up":    { "uv": [ 11.0625, 3.5, 12.0625, 5.5 ], "texture": "#texture" },
        "north": { "uv": [ 3.9375, 9.5, 4.9375, 10.5 ], "texture": "#texture" },
        "south": { "uv": [ 11.0625, 9.5, 12.0625, 10.5 ], "texture": "#texture" },
        "west":  { "uv": [ 3.5, 9.5, 5.5, 10.5 ], "texture": "#texture" },
        "east":  { "uv": [ 10.5, 9.5, 12.5, 10.5 ], "texture": "#texture" }
    }
},
{
    "__comment": "Bottles",
    "from": [ 8, -2.5, 10 ],
    "to": [ 11, 7, 13 ],
    "faces": {
        "up":    { "uv": [ 9, 11, 12, 14 ], "texture": "#bar_wine" },
        "north": { "uv": [ 5, 0, 10.5, 16 ], "texture": "#bar_wine" },
        "south": { "uv": [ 5, 0, 10.5, 16 ], "texture": "#bar_wine" },
        "west":  { "uv": [ 5, 0, 10.5, 16 ], "texture": "#bar_wine" },
        "east":  { "uv": [ 5, 0, 10.5, 16 ], "texture": "#bar_wine" }
    }
},
{
    "__comment": "Bottles",
    "from": [ 9, 7, 11 ],
    "to": [ 10, 9.5, 12 ],
    "faces": {
        "up":    { "uv": [ 9, 11, 10, 12 ], "texture": "#bar_wine" },
        "north": { "uv": [ 9, 1, 10, 3.5 ], "texture": "#bar_wine" },
        "south": { "uv": [ 9, 1, 10, 3.5 ], "texture": "#bar_wine" },
        "west":  { "uv": [ 7, 2, 8, 4.5 ], "texture": "#bar_wine" },
        "east":  { "uv": [ 7, 2, 8, 4.5 ], "texture": "#bar_wine" }
    }
},
{
    "__comment": "Bottles",
    "from": [ 8.875, 8.9375, 10.875 ],
    "to": [ 10.1875, 9.9375, 12.125 ],
    "faces": {
        "down":  { "uv": [ 7.125, 12.125, 5.8125, 10.875 ], "texture": "#texture" },
        "up":    { "uv": [ 8.875, 10.875, 10.1875, 12.125 ], "texture": "#texture" },
        "north": { "uv": [ 5.8125, 6.0625, 7.125, 7.0625 ], "texture": "#texture" },
        "south": { "uv": [ 8.875, 6.0625, 10.1875, 7.0625 ], "texture": "#texture" },
        "west":  { "uv": [ 10.875, 6.0625, 12.125, 7.0625 ], "texture": "#texture" },
        "east":  { "uv": [ 3.875, 6.0625, 5.125, 7.0625 ], "texture": "#texture" }
    }
},
{
    "__comment": "Bottles",
    "from": [ 8, 14.5, 26.5 ],
    "to": [ 11, 22.5, 29.5 ],
    "rotation": { "origin": [ 8, 14.5, 26.5 ], "axis": "y", "angle": 45 },
    "faces": {
        "up":    { "uv": [ 0, 0, 5.5, 5 ], "texture": "#bar_wine2" },
        "north": { "uv": [ 4, 0, 9, 16 ], "texture": "#bar_wine2" },
        "south": { "uv": [ 1.5, 0, 6.5, 16 ], "texture": "#bar_wine2" },
        "west":  { "uv": [ 0, 0, 4.5, 16 ], "texture": "#bar_wine2" },
        "east":  { "uv": [ 3, 0, 7.5, 16 ], "texture": "#bar_wine2" }
    }
},
{
    "__comment": "Bottles",
    "from": [ 9.5, 22.5, 26 ],
    "to": [ 10.5, 24.5, 27 ],
    "faces": {
        "down":  { "uv": [ 6.5, 16, 5.5, 16 ], "texture": "#bar_wine2" },
        "up":    { "uv": [ 9.5, 16, 10.5, 16 ], "texture": "#bar_wine2" },
        "north": { "uv": [ 5.5, 0, 6.5, 0 ], "texture": "#bar_wine2" },
        "south": { "uv": [ 9.5, 0, 10.5, 0 ], "texture": "#bar_wine2" },
        "west":  { "uv": [ 16, 0, 16, 0 ], "texture": "#bar_wine2" },
        "east":  { "uv": [ 0, 0, 0, 0 ], "texture": "#bar_wine2" }
    }
},
{
    "__comment": "Bottles",
    "from": [ 9.375, 24.0625, 25.75 ],
    "to": [ 10.625, 25.0625, 27.0625 ],
    "faces": {
        "down":  { "uv": [ 6.625, 16, 5.375, 16 ], "texture": "#texture" },
        "up":    { "uv": [ 9.375, 16, 10.625, 16 ], "texture": "#texture" },
        "north": { "uv": [ 5.375, 0, 6.625, 0 ], "texture": "#texture" },
        "south": { "uv": [ 9.375, 0, 10.625, 0 ], "texture": "#texture" },
        "west":  { "uv": [ 16, 0, 16, 0 ], "texture": "#texture" },
        "east":  { "uv": [ 0, 0, 0, 0 ], "texture": "#texture" }
    }
},
{
    "__comment": "Bottles",
    "from": [ 11, -2.5, -14.5 ],
    "to": [ 14, 5.5, -10.5 ],
    "rotation": { "origin": [ 11, -2.5, -14.5 ], "axis": "y", "angle": -22.5 },
    "faces": {
        "up":    { "uv": [ 0, 0, 16, 16 ], "texture": "#glass" },
        "north": { "uv": [ 4, 0, 11.5, 16 ], "texture": "#bar_whiskey2" },
        "south": { "uv": [ 4, 0, 11.5, 16 ], "texture": "#bar_whiskey2" },
        "west":  { "uv": [ 7.5, 0, 14, 16 ], "texture": "#bar_whiskey2" },
        "east":  { "uv": [ 7.5, 0, 14, 16 ], "texture": "#bar_whiskey2" }
    }
},
{
    "__comment": "Bottles",
    "from": [ 11.375, 5.5, -12.75 ],
    "to": [ 12.375, 7.5, -11.75 ],
    "rotation": { "origin": [ 11.375, 5.5, -12.75 ], "axis": "y", "angle": -22.5 },
    "faces": {
        "up":    { "uv": [ 11, 0, 12, 0 ], "texture": "#texture" },
        "north": { "uv": [ 4, 8.5, 5, 10.5 ], "texture": "#texture" },
        "south": { "uv": [ 11, 8.5, 12, 10.5 ], "texture": "#texture" },
        "west":  { "uv": [ 0, 8.5, 0, 10.5 ], "texture": "#texture" },
        "east":  { "uv": [ 16, 8.5, 16, 10.5 ], "texture": "#texture" }
    }
},
{
    "__comment": "Bottles",
    "from": [ 7.5, 14.5, -4 ],
    "to": [ 10, 21.5, -1.5 ],
    "rotation": { "origin": [ 7.5, 14.5, -4 ], "axis": "y", "angle": 22.5 },
    "faces": {
        "up":    { "uv": [ 0, 0, 16, 16 ], "texture": "#glass_or" },
        "north": { "uv": [ 0, 0, 16, 16 ], "texture": "#glass_or" },
        "south": { "uv": [ 0, 0, 16, 16 ], "texture": "#glass_or" },
        "west":  { "uv": [ 0, 0, 16, 16 ], "texture": "#glass_or" },
        "east":  { "uv": [ 0, 0, 16, 16 ], "texture": "#glass_or" }
    }
},
{
    "__comment": "Bottles",
    "from": [ 8.5, 21.5, -3.5625 ],
    "to": [ 9.5, 23, -2.5625 ],
    "rotation": { "origin": [ 8.5, 21.5, -3.5625 ], "axis": "y", "angle": 22.5 },
    "faces": {
        "up":    { "uv": [ 8.5, 0, 9.5, 0 ], "texture": "#glass" },
        "north": { "uv": [ 6.5, 0, 7.5, 0 ], "texture": "#glass" },
        "south": { "uv": [ 8.5, 0, 9.5, 0 ], "texture": "#glass" },
        "west":  { "uv": [ 0, 0, 0, 0 ], "texture": "#glass" },
        "east":  { "uv": [ 16, 0, 16, 0 ], "texture": "#glass" }
    }
},
{
    "__comment": "Bottles",
    "from": [ 8.1875, 22.5625, -3.75 ],
    "to": [ 9.6875, 23.5625, -2.25 ],
    "rotation": { "origin": [ 8.1875, 22.5625, -3.75 ], "axis": "y", "angle": 22.5 },
    "faces": {
        "down":  { "uv": [ 0, 5.6875, 0, 4.1875 ], "texture": "#texture" },
        "up":    { "uv": [ 16, 4.1875, 16, 5.6875 ], "texture": "#texture" },
        "north": { "uv": [ 0, 0, 0, 0 ], "texture": "#texture" },
        "south": { "uv": [ 16, 0, 16, 0 ], "texture": "#texture" },
        "west":  { "uv": [ 4.1875, 0, 5.6875, 0 ], "texture": "#texture" },
        "east":  { "uv": [ 10.3125, 0, 11.8125, 0 ], "texture": "#texture" }
    }
}
]
}