{
"__comment": "Designed by Merphin with BDcraft Cubik PRO 0.96 Beta - http://bdcraft.net",
"textures": {
    "texture": "blocks/stone_slab_top",
    "Floor": "blocks/ice_packed"
},
"elements": [ 
{
    "from": [ 0, 15, 5 ],
    "to": [ 16, 16, 11 ],
    "faces": {
        "down":  { "uv": [ 16, 11, 0, 5 ], "texture": "#texture" },
        "up":    { "uv": [ 0, 5, 16, 11 ], "texture": "#texture" },
        "north": { "uv": [ 0, 0, 16, 1 ], "texture": "#texture" },
        "south": { "uv": [ 0, 0, 16, 1 ], "texture": "#texture" },
        "west":  { "uv": [ 5, 0, 11, 1 ], "texture": "#texture" },
        "east":  { "uv": [ 5, 0, 11, 1 ], "texture": "#texture" }
    }
},
{
    "from": [ 0, 16, 4 ],
    "to": [ 16, 17, 5 ],
    "faces": {
        "down":  { "uv": [ 16, 5, 0, 4 ], "texture": "#texture" },
        "up":    { "uv": [ 0, 4, 16, 5 ], "texture": "#texture" },
        "north": { "uv": [ 0, 0, 16, 0 ], "texture": "#texture" },
        "south": { "uv": [ 0, 0, 16, 0 ], "texture": "#texture" },
        "west":  { "uv": [ 4, 0, 5, 0 ], "texture": "#texture" },
        "east":  { "uv": [ 11, 0, 12, 0 ], "texture": "#texture" }
    }
},
{
    "from": [ 0, 16, 11 ],
    "to": [ 16, 17, 12 ],
    "faces": {
        "down":  { "uv": [ 16, 12, 0, 11 ], "texture": "#texture" },
        "up":    { "uv": [ 0, 11, 16, 12 ], "texture": "#texture" },
        "north": { "uv": [ 0, 0, 16, 0 ], "texture": "#texture" },
        "south": { "uv": [ 0, 0, 16, 0 ], "texture": "#texture" },
        "west":  { "uv": [ 11, 0, 12, 0 ], "texture": "#texture" },
        "east":  { "uv": [ 4, 0, 5, 0 ], "texture": "#texture" }
    }
},
{
    "from": [ 0, 17, 3.5 ],
    "to": [ 16, 19, 4.5 ],
    "faces": {
        "down":  { "uv": [ 16, 4.5, 0, 3.5 ], "texture": "#texture" },
        "up":    { "uv": [ 0, 3.5, 16, 4.5 ], "texture": "#texture" },
        "north": { "uv": [ 0, 0, 16, 0 ], "texture": "#texture" },
        "south": { "uv": [ 0, 0, 16, 0 ], "texture": "#texture" },
        "west":  { "uv": [ 3.5, 0, 4.5, 0 ], "texture": "#texture" },
        "east":  { "uv": [ 11.5, 0, 12.5, 0 ], "texture": "#texture" }
    }
},
{
    "from": [ 0, 17, 11.5 ],
    "to": [ 16, 19, 12.5 ],
    "faces": {
        "down":  { "uv": [ 16, 12.5, 0, 11.5 ], "texture": "#texture" },
        "up":    { "uv": [ 0, 11.5, 16, 12.5 ], "texture": "#texture" },
        "north": { "uv": [ 0, 0, 16, 0 ], "texture": "#texture" },
        "south": { "uv": [ 0, 0, 16, 0 ], "texture": "#texture" },
        "west":  { "uv": [ 11.5, 0, 12.5, 0 ], "texture": "#texture" },
        "east":  { "uv": [ 3.5, 0, 4.5, 0 ], "texture": "#texture" }
    }
}
]
}