{
"__comment": "Designed by Merphin with BDcraft Cubik PRO 0.96 Beta - http://bdcraft.net",
"textures": {
    "particle": "blocks/anvil_base",
    "texture": "blocks/anvil_base"
},
"elements": [ 
{
    "from": [ 7, 0, 23 ],
    "to": [ 9, 16, 25 ],
    "faces": {
        "down":  { "uv": [ 7.5, 15, 9.5, 17 ], "texture": "#texture" },
        "up":    { "uv": [ 7.5, 15, 9.5, 17 ], "texture": "#texture" },
        "north": { "uv": [ 7.5, 0, 9.5, 16 ], "texture": "#texture" },
        "south": { "uv": [ 7.5, 0, 9.5, 16 ], "texture": "#texture" },
        "west":  { "uv": [ 14, 0, 16, 16 ], "texture": "#texture" },
        "east":  { "uv": [ 14, 0, 16, 16 ], "texture": "#texture" }
    }
}
]
}