{
"__comment": "Modelled by Merphin with BDcraft Cubik PRO 0.96 Beta - http://bdcraft.net",
"textures": {
    "particle": "blocks/table_bot",
    "texture": "blocks/table_bot",
    "anvil_base": "blocks/anvil_base",
    "table_top": "blocks/table_top"
},
"elements": [ 
{
    "from": [ 6.5, 0, 6.5 ],
    "to": [ 9.5, 15, 9.5 ],
    "faces": {
        "down":  { "uv": [ 9.5, 9.5, 6.5, 6.5 ], "texture": "#anvil_base" },
        "north": { "uv": [ 6.5, 1, 9.5, 16 ], "texture": "#anvil_base" },
        "south": { "uv": [ 6.5, 1, 9.5, 16 ], "texture": "#anvil_base" },
        "west":  { "uv": [ 6.5, 1, 9.5, 16 ], "texture": "#anvil_base" },
        "east":  { "uv": [ 6.5, 1, 9.5, 16 ], "texture": "#anvil_base" }
    }
},
{
    "from": [ -1, 15, -1 ],
    "to": [ 17, 16, 17 ],
    "faces": {
        "down":  { "uv": [ 16, 16, 0, 0 ], "texture": "#texture" },
        "up":    { "uv": [ 0, 0, 16, 16 ], "texture": "#table_top" },
        "north": { "uv": [ 0, 0, 16, 1 ], "texture": "#texture" },
        "south": { "uv": [ 0, 0, 16, 1 ], "texture": "#texture" },
        "west":  { "uv": [ 0, 0, 16, 1 ], "texture": "#texture" },
        "east":  { "uv": [ 0, 0, 16, 1 ], "texture": "#texture" }
    }
},
{
    "from": [ 0.5, 15, -2 ],
    "to": [ 15.5, 16, -1 ],
    "faces": {
        "down":  { "uv": [ 15.5, 0, 0.5, 0 ], "texture": "#texture" },
        "up":    { "uv": [ 0.5, 0, 15.5, 0 ], "texture": "#texture" },
        "north": { "uv": [ 0.5, 0, 15.5, 1 ], "texture": "#texture" },
        "west":  { "uv": [ 0, 0, 0, 1 ], "texture": "#texture" },
        "east":  { "uv": [ 16, 0, 16, 1 ], "texture": "#texture" }
    }
},
{
    "from": [ 0.5, 15, 17 ],
    "to": [ 15.5, 16, 18 ],
    "faces": {
        "down":  { "uv": [ 15.5, 16, 0.5, 16 ], "texture": "#texture" },
        "up":    { "uv": [ 0.5, 16, 15.5, 16 ], "texture": "#texture" },
        "south": { "uv": [ 0.5, 0, 15.5, 1 ], "texture": "#texture" },
        "west":  { "uv": [ 16, 0, 16, 1 ], "texture": "#texture" },
        "east":  { "uv": [ 0, 0, 0, 1 ], "texture": "#texture" }
    }
},
{
    "from": [ -2, 15, 0.5 ],
    "to": [ -1, 16, 15.5 ],
    "faces": {
        "down":  { "uv": [ 16, 15.5, 16, 0.5 ], "texture": "#texture" },
        "up":    { "uv": [ 0, 0.5, 0, 15.5 ], "texture": "#texture" },
        "north": { "uv": [ 16, 0, 16, 1 ], "texture": "#texture" },
        "south": { "uv": [ 0, 0, 0, 1 ], "texture": "#texture" },
        "west":  { "uv": [ 0.5, 0, 15.5, 1 ], "texture": "#texture" }
    }
},
{
    "from": [ 17, 15, 0.5 ],
    "to": [ 18, 16, 15.5 ],
    "faces": {
        "down":  { "uv": [ 0, 15.5, 0, 0.5 ], "texture": "#texture" },
        "up":    { "uv": [ 16, 0.5, 16, 15.5 ], "texture": "#texture" },
        "north": { "uv": [ 0, 0, 0, 1 ], "texture": "#texture" },
        "south": { "uv": [ 16, 0, 16, 1 ], "texture": "#texture" },
        "east":  { "uv": [ 0.5, 0, 15.5, 1 ], "texture": "#texture" }
    }
}
]
}