{
    "__comment": "Model generated using MrCrayfish's Model Creator (http://mrcrayfish.com/modelcreator/)",
    "textures": {
        "particle": "blocks/planks_birch",
        "0": "blocks/log_birch_top",
        "1": "blocks/planks_birch",
        "2": "blocks/wool_colored_red"
    },
    "elements": [
        {
            "name": "Cube",
            "from": [ 2.3000000044703484, 0.0, 2.3000000044703484 ], 
            "to": [ 3.700000010430813, 9.0, 3.700000010430813 ], 
            "faces": {
                "north": { "texture": "#0", "uv": [ 8.0, 2.0, 9.400000005960464, 11.0 ] },
                "east": { "texture": "#0", "uv": [ 3.0, 2.0, 4.4000000059604645, 11.0 ] },
                "south": { "texture": "#0", "uv": [ 6.0, 6.0, 7.4000000059604645, 15.0 ] },
                "west": { "texture": "#0", "uv": [ 5.0, 2.0, 6.4000000059604645, 11.0 ] },
                "up": { "texture": "#0", "uv": [ 3.0, 3.0, 4.4000000059604645, 4.4000000059604645 ] },
                "down": { "texture": "#0", "uv": [ 2.0, 4.0, 3.4000000059604645, 5.4000000059604645 ] }
            }
        },
        {
            "name": "Cube",
            "from": [ 2.3000000044703484, 0.0, 12.300000004470348 ], 
            "to": [ 3.700000010430813, 9.0, 13.700000010430813 ], 
            "faces": {
                "north": { "texture": "#0", "uv": [ 5.0, 2.0, 6.4000000059604645, 11.0 ] },
                "east": { "texture": "#0", "uv": [ 4.0, 4.0, 5.4000000059604645, 13.0 ] },
                "south": { "texture": "#0", "uv": [ 1.0, 1.0, 2.4000000059604645, 10.0 ] },
                "west": { "texture": "#0", "uv": [ 2.0, 3.0, 3.4000000059604645, 12.0 ] },
                "up": { "texture": "#0", "uv": [ 6.0, 3.0, 7.4000000059604645, 4.4000000059604645 ] },
                "down": { "texture": "#0", "uv": [ 3.0, 8.0, 4.4000000059604645, 9.400000005960464 ] }
            }
        },
        {
            "name": "Cube",
            "from": [ 12.300000004470348, 0.0, 12.300000004470348 ], 
            "to": [ 13.700000010430813, 20.0, 13.700000010430813 ], 
            "faces": {
                "north": { "texture": "#0", "uv": [ 3.0, 0.0, 4.4000000059604645, 16.0 ] },
                "east": { "texture": "#0", "uv": [ 6.0, 0.0, 7.4000000059604645, 16.0 ] },
                "south": { "texture": "#0", "uv": [ 10.0, 0.0, 11.400000005960464, 16.0 ] },
                "west": { "texture": "#0", "uv": [ 4.0, 0.0, 5.4000000059604645, 16.0 ] },
                "up": { "texture": "#0", "uv": [ 4.0, 2.0, 5.4000000059604645, 3.4000000059604645 ] },
                "down": { "texture": "#0", "uv": [ 2.0, 2.0, 3.4000000059604645, 3.4000000059604645 ] }
            }
        },
        {
            "name": "Cube",
            "from": [ 12.300000004470348, 0.0, 2.3000000044703484 ], 
            "to": [ 13.700000010430813, 20.0, 3.700000010430813 ], 
            "faces": {
                "north": { "texture": "#0", "uv": [ 7.0, 0.0, 8.400000005960464, 16.0 ] },
                "east": { "texture": "#0", "uv": [ 5.0, 0.0, 6.4000000059604645, 16.0 ] },
                "south": { "texture": "#0", "uv": [ 3.0, 0.0, 4.4000000059604645, 16.0 ] },
                "west": { "texture": "#0", "uv": [ 1.0, 0.0, 2.4000000059604645, 16.0 ] },
                "up": { "texture": "#0", "uv": [ 3.0, 0.0, 4.4000000059604645, 1.4000000059604645 ] },
                "down": { "texture": "#0", "uv": [ 5.0, 4.0, 6.4000000059604645, 5.4000000059604645 ] }
            }
        },
        {
            "name": "Cube",
            "from": [ 2.0, 9.0, 2.0 ], 
            "to": [ 14.0, 10.0, 14.0 ], 
            "faces": {
                "north": { "texture": "#1", "uv": [ 2.0, 6.0, 12.0, 7.0 ] },
                "east": { "texture": "#1", "uv": [ 2.0, 15.0, 12.0, 16.0 ] },
                "south": { "texture": "#1", "uv": [ 3.0, 15.0, 13.0, 16.0 ] },
                "west": { "texture": "#1", "uv": [ 3.0, 15.0, 13.0, 16.0 ] },
                "up": { "texture": "#1", "uv": [ 2.0, 3.0, 12.0, 13.0 ] },
                "down": { "texture": "#1", "uv": [ 3.0, 2.0, 13.0, 12.0 ] }
            }
        },
        {
            "name": "Cube",
            "from": [ 12.300000004470348, 20.0, 1.7000000104308128 ], 
            "to": [ 13.700000010430813, 21.0, 14.30000001937151 ], 
            "faces": {
                "north": { "texture": "#0", "uv": [ 4.0, 5.0, 5.4000000059604645, 6.0 ] },
                "east": { "texture": "#0", "uv": [ 4.0, 6.0, 14.400000005960464, 7.0 ] },
                "south": { "texture": "#0", "uv": [ 5.0, 6.0, 6.600000008940697, 7.0 ] },
                "west": { "texture": "#0", "uv": [ 8.0, 7.0, 9.400000005960464, 8.0 ] },
                "up": { "texture": "#0", "uv": [ 6.0, 4.0, 7.600000008940697, 10.400000005960464 ] },
                "down": { "texture": "#0", "uv": [ 3.0, 11.0, 4.600000008940697, 5.4000000059604645 ] }
            }
        },
        {
            "name": "Cube",
            "from": [ 12.700000010430813, 9.0, 9.700000010430813 ], 
            "to": [ 13.200000002980232, 20.0, 10.700000010430813 ], 
            "faces": {
                "north": { "texture": "#1", "uv": [ 1.0, 5.0, 2.0, 14.0 ] },
                "east": { "texture": "#1", "uv": [ 2.0, 7.0, 2.4999999925494194, 16.0 ] },
                "south": { "texture": "#1", "uv": [ 3.0, 7.0, 4.0, 16.0 ] },
                "west": { "texture": "#1", "uv": [ 1.0, 7.0, 1.4999999925494194, 16.0 ] },
                "up": { "texture": "#1", "uv": [ 0.0, 15.0, 1.0, 15.49999999254942 ] },
                "down": { "texture": "#1", "uv": [ 1.0, 6.0, 2.0, 6.499999992549419 ] }
            }
        },
        {
            "name": "Cube",
            "from": [ 12.699999995529652, 9.0, 5.300000004470348 ], 
            "to": [ 13.199999988079071, 20.0, 6.300000004470348 ], 
            "faces": {
                "north": { "texture": "#1", "uv": [ 0.0, 3.0, 1.0, 12.0 ] },
                "east": { "texture": "#1", "uv": [ 1.0, 7.0, 1.4999999925494194, 16.0 ] },
                "south": { "texture": "#1", "uv": [ 2.0, 7.0, 3.0, 16.0 ] },
                "west": { "texture": "#1", "uv": [ 5.0, 7.0, 5.499999992549419, 16.0 ] },
                "up": { "texture": "#1", "uv": [ 3.0, 15.0, 4.0, 15.49999999254942 ] },
                "down": { "texture": "#1", "uv": [ 1.0, 7.0, 2.0, 7.499999992549419 ] }
            }
        },
        {
            "name": "Cube",
            "from": [ 12.699999995529652, 9.0, 7.500000007450581 ], 
            "to": [ 13.199999988079071, 20.0, 8.50000000745058 ], 
            "faces": {
                "north": { "texture": "#1", "uv": [ 0.0, 2.0, 1.0, 11.0 ] },
                "east": { "texture": "#1", "uv": [ 8.0, 5.0, 8.49999999254942, 14.0 ] },
                "south": { "texture": "#1", "uv": [ 1.0, 5.0, 2.0, 14.0 ] },
                "west": { "texture": "#1", "uv": [ 3.0, 6.0, 3.4999999925494194, 15.0 ] },
                "up": { "texture": "#1", "uv": [ 1.0, 15.0, 2.0, 15.49999999254942 ] },
                "down": { "texture": "#1", "uv": [ 4.0, 12.0, 5.0, 12.49999999254942 ] }
            }
        },
        {
            "name": "Cube",
            "from": [ 12.500000022351742, 21.0, 3.100000001490116 ], 
            "to": [ 13.50000000745058, 22.0, 8.100000016391277 ], 
            "rotation": { "origin": [ 8.0, 8.0, 8.0 ], "axis": "x", "angle": 22.5 },
            "faces": {
                "north": { "texture": "#0", "uv": [ 5.0, 7.0, 5.899999998509884, 8.0 ] },
                "east": { "texture": "#0", "uv": [ 2.0, 7.0, 7.0, 8.0 ] },
                "south": { "texture": "#0", "uv": [ 3.0, 9.0, 3.899999998509884, 10.0 ] },
                "west": { "texture": "#0", "uv": [ 5.0, 10.0, 10.0, 9.0 ] },
                "up": { "texture": "#0", "uv": [ 4.0, 11.0, 4.899999998509884, 7.0 ] },
                "down": { "texture": "#0", "uv": [ 6.0, 9.0, 6.899999998509884, 3.0 ] }
            }
        },
        {
            "name": "Cube",
            "from": [ 12.600000038743019, 21.0, 7.999999955296516 ], 
            "to": [ 13.400000035762787, 22.0, 12.999999955296516 ], 
            "rotation": { "origin": [ 8.0, 8.0, 8.0 ], "axis": "x", "angle": -22.5 },
            "faces": {
                "north": { "texture": "#0", "uv": [ 4.0, 9.0, 5.0, 10.0 ] },
                "east": { "texture": "#0", "uv": [ 4.0, 13.0, 9.799999997019768, 14.0 ] },
                "south": { "texture": "#0", "uv": [ 5.0, 9.0, 6.0, 10.0 ] },
                "west": { "texture": "#0", "uv": [ 3.0, 13.0, 8.799999997019768, 14.0 ] },
                "up": { "texture": "#0", "uv": [ 8.0, 10.0, 9.0, 4.799999997019768 ] },
                "down": { "texture": "#0", "uv": [ 3.0, 8.0, 7.0, 8.799999997019768 ] }
            }
        },
        {
            "name": "Cube",
            "from": [ 12.399999976158142, 19.999999970197678, 2.900000013411045 ], 
            "to": [ 13.599999979138374, 22.499999962747097, 3.5000000074505806 ], 
            "rotation": { "origin": [ 8.0, 8.0, 8.0 ], "axis": "x", "angle": 22.5 },
            "faces": {
                "north": { "texture": "#1", "uv": [ 1.0, 3.0, 1.5999999940395355, 5.499999992549419 ] },
                "east": { "texture": "#1", "uv": [ 2.0, 12.0, 3.2000000029802322, 14.49999999254942 ] },
                "south": { "texture": "#1", "uv": [ 0.0, 13.0, 0.5999999940395355, 15.49999999254942 ] },
                "west": { "texture": "#1", "uv": [ 3.0, 12.0, 4.200000002980232, 14.49999999254942 ] },
                "up": { "texture": "#1", "uv": [ 1.0, 14.0, 1.5999999940395355, 15.200000002980232 ] },
                "down": { "texture": "#1", "uv": [ 1.0, 10.0, 1.5999999940395355, 11.200000002980232 ] }
            }
        },
        {
            "name": "Cube",
            "from": [ 12.49999999254942, 19.999999925494194, 12.50000000745058 ], 
            "to": [ 13.49999999254942, 22.499999918043613, 13.100000001490116 ], 
            "rotation": { "origin": [ 8.0, 8.0, 8.0 ], "axis": "x", "angle": -22.5 },
            "faces": {
                "north": { "texture": "#1", "uv": [ 2.0, 5.0, 2.5999999940395355, 7.499999992549419 ] },
                "east": { "texture": "#1", "uv": [ 4.0, 9.0, 5.0, 11.49999999254942 ] },
                "south": { "texture": "#1", "uv": [ 1.0, 13.0, 1.5999999940395355, 15.49999999254942 ] },
                "west": { "texture": "#1", "uv": [ 1.0, 12.0, 2.0, 14.49999999254942 ] },
                "up": { "texture": "#1", "uv": [ 1.0, 15.0, 1.5999999940395355, 16.0 ] },
                "down": { "texture": "#1", "uv": [ 0.0, 6.0, 0.5999999940395355, 7.0 ] }
            }
        },
        {
            "name": "Cube",
            "from": [ 2.5000000074505806, 10.0, 2.5000000074505806 ], 
            "to": [ 13.50000000745058, 10.299999989569187, 13.50000000745058 ], 
            "faces": {
                "north": { "texture": "#2", "uv": [ 2.0, 9.0, 11.0, 9.299999989569187 ] },
                "east": { "texture": "#2", "uv": [ 1.0, 14.0, 10.100000001490116, 14.299999989569187 ] },
                "south": { "texture": "#2", "uv": [ 4.0, 11.0, 13.0, 11.299999989569187 ] },
                "west": { "texture": "#2", "uv": [ 2.0, 5.0, 11.100000001490116, 5.299999989569187 ] },
                "up": { "texture": "#2", "uv": [ 3.0, 5.0, 12.0, 14.100000001490116 ] },
                "down": { "texture": "#-1", "uv": [ 0.0, 0.0, 9.0, 9.100000001490116 ] }
            }
        }
    ]
}