{
"__comment": "Designed by Merphin with BDcraft Cubik PRO 0.96 Beta - http://bdcraft.net",
"textures": {
    "particle": "blocks/wool_colored_white",
    "texture": "blocks/wool_colored_white",
    "wool_colored_red": "blocks/wool_colored_red"
},
"elements": [ 
{
    "from": [ 7, 0, 7 ],
    "to": [ 9, 16, 9 ],
    "faces": {
        "down":  { "uv": [ 9, 9, 7, 7 ], "texture": "#texture" },
        "up":    { "uv": [ 7, 7, 9, 9 ], "texture": "#texture" },
        "north": { "uv": [ 7, 0, 9, 16 ], "texture": "#texture" },
        "south": { "uv": [ 7, 0, 9, 16 ], "texture": "#texture" },
        "west":  { "uv": [ 7, 0, 9, 16 ], "texture": "#texture" },
        "east":  { "uv": [ 7, 0, 9, 16 ], "texture": "#texture" }
    }
},
{
    "from": [ 6, 1, 6 ],
    "to": [ 10, 2.5, 10 ],
    "faces": {
        "down":  { "uv": [ 10, 10, 6, 6 ], "texture": "#texture" },
        "up":    { "uv": [ 6, 6, 10, 10 ], "texture": "#texture" },
        "north": { "uv": [ 6, 13.5, 10, 15 ], "texture": "#texture" },
        "south": { "uv": [ 6, 13.5, 10, 15 ], "texture": "#texture" },
        "west":  { "uv": [ 6, 13.5, 10, 15 ], "texture": "#texture" },
        "east":  { "uv": [ 6, 13.5, 10, 15 ], "texture": "#texture" }
    }
},
{
    "from": [ 6.5, 0.5, 6.5 ],
    "to": [ 9.5, 1, 9.5 ],
    "faces": {
        "down":  { "uv": [ 9.5, 9.5, 6.5, 6.5 ], "texture": "#texture" },
        "up":    { "uv": [ 6.5, 6.5, 9.5, 9.5 ], "texture": "#texture" },
        "north": { "uv": [ 6.5, 14.5, 9.5, 15.5 ], "texture": "#texture" },
        "south": { "uv": [ 6.5, 14.5, 9.5, 15.5 ], "texture": "#texture" },
        "west":  { "uv": [ 6.5, 14.5, 9.5, 15.5 ], "texture": "#texture" },
        "east":  { "uv": [ 6.5, 14.5, 9.5, 15.5 ], "texture": "#texture" }
    }
},
{
    "from": [ 5.6875, 2.5, 5.75 ],
    "to": [ 10.3125, 7, 10.375 ],
    "faces": {
        "down":  { "uv": [ 10.3125, 10.375, 5.6875, 5.75 ], "texture": "#texture" },
        "up":    { "uv": [ 5.6875, 5.75, 10.3125, 10.375 ], "texture": "#texture" },
        "north": { "uv": [ 5.6875, 9, 10.3125, 13.5 ], "texture": "#texture" },
        "south": { "uv": [ 5.6875, 9, 10.3125, 13.5 ], "texture": "#texture" },
        "west":  { "uv": [ 5.75, 9, 10.375, 13.5 ], "texture": "#texture" },
        "east":  { "uv": [ 5.625, 9, 10.25, 13.5 ], "texture": "#texture" }
    }
},
{
    "from": [ 6, 7, 6 ],
    "to": [ 10, 9.5, 10 ],
    "faces": {
        "down":  { "uv": [ 10, 10, 6, 6 ], "texture": "#texture" },
        "up":    { "uv": [ 6, 6, 10, 10 ], "texture": "#texture" },
        "north": { "uv": [ 6, 6.5, 10, 9 ], "texture": "#texture" },
        "south": { "uv": [ 6, 6.5, 10, 9 ], "texture": "#texture" },
        "west":  { "uv": [ 6, 6.5, 10, 9 ], "texture": "#texture" },
        "east":  { "uv": [ 6, 6.5, 10, 9 ], "texture": "#texture" }
    }
},
{
    "from": [ 6.5, 9.5, 6.5 ],
    "to": [ 9.5, 11.5, 9.5 ],
    "faces": {
        "down":  { "uv": [ 9.5, 9.5, 6.5, 6.5 ], "texture": "#texture" },
        "up":    { "uv": [ 6.5, 6.5, 9.5, 9.5 ], "texture": "#texture" },
        "north": { "uv": [ 6.5, 4.5, 9.5, 6.5 ], "texture": "#texture" },
        "south": { "uv": [ 6.5, 4.5, 9.5, 6.5 ], "texture": "#texture" },
        "west":  { "uv": [ 6.5, 4.5, 9.5, 6.5 ], "texture": "#texture" },
        "east":  { "uv": [ 6.5, 4.5, 9.5, 6.5 ], "texture": "#texture" }
    }
},
{
    "from": [ 6.5, 13.5, 6.5 ],
    "to": [ 9.5, 15.5, 9.5 ],
    "faces": {
        "down":  { "uv": [ 9.5, 9.5, 6.5, 6.5 ], "texture": "#texture" },
        "up":    { "uv": [ 6.5, 6.5, 9.5, 9.5 ], "texture": "#texture" },
        "north": { "uv": [ 6.5, 0.5, 9.5, 2.5 ], "texture": "#texture" },
        "south": { "uv": [ 6.5, 0.5, 9.5, 2.5 ], "texture": "#texture" },
        "west":  { "uv": [ 6.5, 0.5, 9.5, 2.5 ], "texture": "#texture" },
        "east":  { "uv": [ 6.5, 0.5, 9.5, 2.5 ], "texture": "#texture" }
    }
},
{
    "from": [ 7.5, 9.5, 6 ],
    "to": [ 8.5, 10, 10 ],
    "faces": {
        "down":  { "uv": [ 8.5, 10, 7.5, 6 ], "texture": "#texture" },
        "up":    { "uv": [ 7.5, 6, 8.5, 10 ], "texture": "#texture" },
        "north": { "uv": [ 7.5, 6, 8.5, 6.5 ], "texture": "#texture" },
        "south": { "uv": [ 7.5, 6, 8.5, 6.5 ], "texture": "#texture" },
        "west":  { "uv": [ 6, 6, 10, 6.5 ], "texture": "#texture" },
        "east":  { "uv": [ 6, 6, 10, 6.5 ], "texture": "#texture" }
    }
},
{
    "from": [ 6, 9.5, 7.5 ],
    "to": [ 10, 10, 8.5 ],
    "faces": {
        "down":  { "uv": [ 10, 8.5, 6, 7.5 ], "texture": "#texture" },
        "up":    { "uv": [ 6, 7.5, 10, 8.5 ], "texture": "#texture" },
        "north": { "uv": [ 6, 6, 10, 6.5 ], "texture": "#texture" },
        "south": { "uv": [ 6, 6, 10, 6.5 ], "texture": "#texture" },
        "west":  { "uv": [ 7.5, 6, 8.5, 6.5 ], "texture": "#texture" },
        "east":  { "uv": [ 7.5, 6, 8.5, 6.5 ], "texture": "#texture" }
    }
},
{
    "from": [ 6.5, 13, 7.5 ],
    "to": [ 9.5, 13.5, 8.5 ],
    "faces": {
        "down":  { "uv": [ 9.5, 8.5, 6.5, 7.5 ], "texture": "#texture" },
        "up":    { "uv": [ 6.5, 7.5, 9.5, 8.5 ], "texture": "#texture" },
        "north": { "uv": [ 6.5, 2.5, 9.5, 3 ], "texture": "#texture" },
        "south": { "uv": [ 6.5, 2.5, 9.5, 3 ], "texture": "#texture" },
        "west":  { "uv": [ 7.5, 2.5, 8.5, 3 ], "texture": "#texture" },
        "east":  { "uv": [ 7.5, 2.5, 8.5, 3 ], "texture": "#texture" }
    }
},
{
    "from": [ 7.5, 13, 6.5 ],
    "to": [ 8.5, 13.5, 9.5 ],
    "faces": {
        "down":  { "uv": [ 8.5, 9.5, 7.5, 6.5 ], "texture": "#texture" },
        "up":    { "uv": [ 7.5, 6.5, 8.5, 9.5 ], "texture": "#texture" },
        "north": { "uv": [ 7.5, 2.5, 8.5, 3 ], "texture": "#texture" },
        "south": { "uv": [ 7.5, 2.5, 8.5, 3 ], "texture": "#texture" },
        "west":  { "uv": [ 6.5, 2.5, 9.5, 3 ], "texture": "#texture" },
        "east":  { "uv": [ 6.5, 2.5, 9.5, 3 ], "texture": "#texture" }
    }
},
{
    "from": [ 6.875, 11.4375, 6.875 ],
    "to": [ 9.125, 11.9375, 9.1875 ],
    "faces": {
        "down":  { "uv": [ 9.125, 9.1875, 6.875, 6.875 ], "texture": "#wool_colored_red" },
        "up":    { "uv": [ 6.875, 6.875, 9.125, 9.1875 ], "texture": "#wool_colored_red" },
        "north": { "uv": [ 6.875, 4.0625, 9.125, 4.5625 ], "texture": "#wool_colored_red" },
        "south": { "uv": [ 6.875, 4.0625, 9.125, 4.5625 ], "texture": "#wool_colored_red" },
        "west":  { "uv": [ 6.875, 4.0625, 9.1875, 4.5625 ], "texture": "#wool_colored_red" },
        "east":  { "uv": [ 6.8125, 4.0625, 9.125, 4.5625 ], "texture": "#wool_colored_red" }
    }
},
{
    "from": [ 6.875, 12.5, 6.875 ],
    "to": [ 9.125, 13, 9.1875 ],
    "faces": {
        "down":  { "uv": [ 9.125, 9.1875, 6.875, 6.875 ], "texture": "#wool_colored_red" },
        "up":    { "uv": [ 6.875, 6.875, 9.125, 9.1875 ], "texture": "#wool_colored_red" },
        "north": { "uv": [ 6.875, 3, 9.125, 3.5 ], "texture": "#wool_colored_red" },
        "south": { "uv": [ 6.875, 3, 9.125, 3.5 ], "texture": "#wool_colored_red" },
        "west":  { "uv": [ 6.875, 3, 9.1875, 3.5 ], "texture": "#wool_colored_red" },
        "east":  { "uv": [ 6.8125, 3, 9.125, 3.5 ], "texture": "#wool_colored_red" }
    }
}
],
"display": {
    "head": {
        "rotation": [ 0, 0, 0 ],
        "translation": [ 0, 0, 0 ],
        "scale": [ 1.7, 1.8, 1.7 ]
    }
}
}