{
"__comment": "Designed by Merphin with BDcraft Cubik PRO 0.96 Beta - http://bdcraft.net",
"textures": {
    "particle": "blocks/hardened_clay_stained_lime",
    "texture": "blocks/hardened_clay_stained_lime",
    "anvil_base": "blocks/anvil_base"
},
"elements": [ 
{
    "from": [ 4, 4, 4 ],
    "to": [ 12, 12, 12 ],
    "faces": {
        "down":  { "uv": [ 12, 12, 4, 4 ], "texture": "#texture" },
        "up":    { "uv": [ 4, 4, 12, 12 ], "texture": "#texture" },
        "north": { "uv": [ 4, 4, 12, 12 ], "texture": "#texture" },
        "south": { "uv": [ 4, 4, 12, 12 ], "texture": "#texture" },
        "west":  { "uv": [ 4, 4, 12, 12 ], "texture": "#texture" },
        "east":  { "uv": [ 4, 4, 12, 12 ], "texture": "#texture" }
    }
},
{
    "from": [ 4.5, 3, 4.5 ],
    "to": [ 11.5, 4, 11.5 ],
    "faces": {
        "down":  { "uv": [ 11.5, 11.5, 4.5, 4.5 ], "texture": "#texture" },
        "north": { "uv": [ 4.5, 12, 11.5, 13 ], "texture": "#texture" },
        "south": { "uv": [ 4.5, 12, 11.5, 13 ], "texture": "#texture" },
        "west":  { "uv": [ 4.5, 12, 11.5, 13 ], "texture": "#texture" },
        "east":  { "uv": [ 4.5, 12, 11.5, 13 ], "texture": "#texture" }
    }
},
{
    "from": [ 4.5, 12, 4.5 ],
    "to": [ 11.5, 13, 11.5 ],
    "faces": {
        "up":    { "uv": [ 4.5, 4.5, 11.5, 11.5 ], "texture": "#texture" },
        "north": { "uv": [ 4.5, 3, 11.5, 4 ], "texture": "#texture" },
        "south": { "uv": [ 4.5, 3, 11.5, 4 ], "texture": "#texture" },
        "west":  { "uv": [ 4.5, 3, 11.5, 4 ], "texture": "#texture" },
        "east":  { "uv": [ 4.5, 3, 11.5, 4 ], "texture": "#texture" }
    }
},
{
    "from": [ 4.5, 4.5, 3 ],
    "to": [ 11.5, 11.5, 4 ],
    "faces": {
        "down":  { "uv": [ 11.5, 4, 4.5, 3 ], "texture": "#texture" },
        "up":    { "uv": [ 4.5, 3, 11.5, 4 ], "texture": "#texture" },
        "north": { "uv": [ 4.5, 4.5, 11.5, 11.5 ], "texture": "#texture" },
        "west":  { "uv": [ 3, 4.5, 4, 11.5 ], "texture": "#texture" },
        "east":  { "uv": [ 12, 4.5, 13, 11.5 ], "texture": "#texture" }
    }
},
{
    "from": [ 4.5, 4.5, 12 ],
    "to": [ 11.5, 11.5, 13 ],
    "faces": {
        "down":  { "uv": [ 11.5, 13, 4.5, 12 ], "texture": "#texture" },
        "up":    { "uv": [ 4.5, 12, 11.5, 13 ], "texture": "#texture" },
        "south": { "uv": [ 4.5, 4.5, 11.5, 11.5 ], "texture": "#texture" },
        "west":  { "uv": [ 12, 4.5, 13, 11.5 ], "texture": "#texture" },
        "east":  { "uv": [ 3, 4.5, 4, 11.5 ], "texture": "#texture" }
    }
},
{
    "from": [ 12, 4.5, 4.5 ],
    "to": [ 13, 11.5, 11.5 ],
    "faces": {
        "down":  { "uv": [ 4, 11.5, 3, 4.5 ], "texture": "#texture" },
        "up":    { "uv": [ 12, 4.5, 13, 11.5 ], "texture": "#texture" },
        "north": { "uv": [ 3, 4.5, 4, 11.5 ], "texture": "#texture" },
        "south": { "uv": [ 12, 4.5, 13, 11.5 ], "texture": "#texture" },
        "east":  { "uv": [ 4.5, 4.5, 11.5, 11.5 ], "texture": "#texture" }
    }
},
{
    "from": [ 3, 4.5, 4.5 ],
    "to": [ 4, 11.5, 11.5 ],
    "faces": {
        "down":  { "uv": [ 13, 11.5, 12, 4.5 ], "texture": "#texture" },
        "up":    { "uv": [ 3, 4.5, 4, 11.5 ], "texture": "#texture" },
        "north": { "uv": [ 12, 4.5, 13, 11.5 ], "texture": "#texture" },
        "south": { "uv": [ 3, 4.5, 4, 11.5 ], "texture": "#texture" },
        "west":  { "uv": [ 4.5, 4.5, 11.5, 11.5 ], "texture": "#texture" }
    }
},
{
    "from": [ 5.5, 12.9375, 5.5 ],
    "to": [ 10.5, 13.75, 10.5 ],
    "faces": {
        "down":  { "uv": [ 10.5, 10.5, 5.5, 5.5 ], "texture": "#texture" },
        "up":    { "uv": [ 5.5, 5.5, 10.5, 10.5 ], "texture": "#texture" },
        "north": { "uv": [ 5.5, 2.25, 10.5, 3.0625 ], "texture": "#texture" },
        "south": { "uv": [ 5.5, 2.25, 10.5, 3.0625 ], "texture": "#texture" },
        "west":  { "uv": [ 5.5, 2.25, 10.5, 3.0625 ], "texture": "#texture" },
        "east":  { "uv": [ 5.5, 2.25, 10.5, 3.0625 ], "texture": "#texture" }
    }
},
{
    "from": [ 5.5, 2.25, 5.5 ],
    "to": [ 10.5, 3, 10.5 ],
    "faces": {
        "down":  { "uv": [ 10.5, 10.5, 5.5, 5.5 ], "texture": "#texture" },
        "north": { "uv": [ 5.5, 13, 10.5, 13.75 ], "texture": "#texture" },
        "south": { "uv": [ 5.5, 13, 10.5, 13.75 ], "texture": "#texture" },
        "west":  { "uv": [ 5.5, 13, 10.5, 13.75 ], "texture": "#texture" },
        "east":  { "uv": [ 5.5, 13, 10.5, 13.75 ], "texture": "#texture" }
    }
},
{
    "from": [ 13, 5.5, 5.5 ],
    "to": [ 13.75, 10.5, 10.5 ],
    "faces": {
        "down":  { "uv": [ 3, 10.5, 2.25, 5.5 ], "texture": "#texture" },
        "up":    { "uv": [ 13, 5.5, 13.75, 10.5 ], "texture": "#texture" },
        "north": { "uv": [ 2.25, 5.5, 3, 10.5 ], "texture": "#texture" },
        "south": { "uv": [ 13, 5.5, 13.75, 10.5 ], "texture": "#texture" },
        "east":  { "uv": [ 5.5, 5.5, 10.5, 10.5 ], "texture": "#texture" }
    }
},
{
    "from": [ 2.3125, 5.5, 5.5 ],
    "to": [ 3.0625, 10.5, 10.5 ],
    "faces": {
        "down":  { "uv": [ 13.6875, 10.5, 12.9375, 5.5 ], "texture": "#texture" },
        "up":    { "uv": [ 2.3125, 5.5, 3.0625, 10.5 ], "texture": "#texture" },
        "north": { "uv": [ 12.9375, 5.5, 13.6875, 10.5 ], "texture": "#texture" },
        "south": { "uv": [ 2.3125, 5.5, 3.0625, 10.5 ], "texture": "#texture" },
        "west":  { "uv": [ 5.5, 5.5, 10.5, 10.5 ], "texture": "#texture" },
        "east":  { "uv": [ 5.5, 5.5, 10.5, 10.5 ], "texture": "#texture" }
    }
},
{
    "from": [ 5.5, 5.375, 13 ],
    "to": [ 10.5, 10.5, 13.6875 ],
    "faces": {
        "down":  { "uv": [ 10.5, 13.6875, 5.5, 13 ], "texture": "#texture" },
        "up":    { "uv": [ 5.5, 13, 10.5, 13.6875 ], "texture": "#texture" },
        "south": { "uv": [ 5.5, 5.5, 10.5, 10.625 ], "texture": "#texture" },
        "west":  { "uv": [ 13, 5.5, 13.6875, 10.625 ], "texture": "#texture" },
        "east":  { "uv": [ 2.3125, 5.5, 3, 10.625 ], "texture": "#texture" }
    }
},
{
    "from": [ 5.5, 5.375, 2.375 ],
    "to": [ 10.5, 10.4375, 3.125 ],
    "faces": {
        "down":  { "uv": [ 10.5, 3.125, 5.5, 2.375 ], "texture": "#texture" },
        "up":    { "uv": [ 5.5, 2.375, 10.5, 3.125 ], "texture": "#texture" },
        "north": { "uv": [ 5.5, 5.5625, 10.5, 10.625 ], "texture": "#texture" },
        "south": { "uv": [ 5.5, 5.5625, 10.5, 10.625 ], "texture": "#texture" },
        "west":  { "uv": [ 2.375, 5.5625, 3.125, 10.625 ], "texture": "#texture" },
        "east":  { "uv": [ 12.875, 5.5625, 13.625, 10.625 ], "texture": "#texture" }
    }
},
{
    "from": [ 5, 11.5, 3.5 ],
    "to": [ 11, 12.5, 12.5 ],
    "faces": {
        "down":  { "uv": [ 11, 12.5, 5, 3.5 ], "texture": "#texture" },
        "up":    { "uv": [ 5, 3.5, 11, 12.5 ], "texture": "#texture" },
        "north": { "uv": [ 5, 3.5, 11, 4.5 ], "texture": "#texture" },
        "south": { "uv": [ 5, 3.5, 11, 4.5 ], "texture": "#texture" },
        "west":  { "uv": [ 3.5, 3.5, 12.5, 4.5 ], "texture": "#texture" },
        "east":  { "uv": [ 3.5, 3.5, 12.5, 4.5 ], "texture": "#texture" }
    }
},
{
    "from": [ 5, 3.5, 3.5 ],
    "to": [ 11, 4.5, 12.5 ],
    "faces": {
        "down":  { "uv": [ 11, 12.5, 5, 3.5 ], "texture": "#texture" },
        "up":    { "uv": [ 5, 3.5, 11, 12.5 ], "texture": "#texture" },
        "north": { "uv": [ 5, 11.5, 11, 12.5 ], "texture": "#texture" },
        "south": { "uv": [ 5, 11.5, 11, 12.5 ], "texture": "#texture" },
        "west":  { "uv": [ 3.5, 11.5, 12.5, 12.5 ], "texture": "#texture" },
        "east":  { "uv": [ 3.5, 11.5, 12.5, 12.5 ], "texture": "#texture" }
    }
},
{
    "from": [ 3.5, 11.5, 5 ],
    "to": [ 12.5, 12.5, 11 ],
    "faces": {
        "down":  { "uv": [ 12.5, 11, 3.5, 5 ], "texture": "#texture" },
        "up":    { "uv": [ 3.5, 5, 12.5, 11 ], "texture": "#texture" },
        "north": { "uv": [ 3.5, 3.5, 12.5, 4.5 ], "texture": "#texture" },
        "south": { "uv": [ 3.5, 3.5, 12.5, 4.5 ], "texture": "#texture" },
        "west":  { "uv": [ 5, 3.5, 11, 4.5 ], "texture": "#texture" },
        "east":  { "uv": [ 5, 3.5, 11, 4.5 ], "texture": "#texture" }
    }
},
{
    "from": [ 3.5, 3.5, 5 ],
    "to": [ 12.5, 4.5, 11 ],
    "faces": {
        "down":  { "uv": [ 12.5, 11, 3.5, 5 ], "texture": "#texture" },
        "up":    { "uv": [ 3.5, 5, 12.5, 11 ], "texture": "#texture" },
        "north": { "uv": [ 3.5, 11.5, 12.5, 12.5 ], "texture": "#texture" },
        "south": { "uv": [ 3.5, 11.5, 12.5, 12.5 ], "texture": "#texture" },
        "west":  { "uv": [ 5, 11.5, 11, 12.5 ], "texture": "#texture" },
        "east":  { "uv": [ 5, 11.5, 11, 12.5 ], "texture": "#texture" }
    }
},
{
    "__comment": "FingerHole1",
    "from": [ 9, 13, 9 ],
    "to": [ 10, 14, 10 ],
    "faces": {
        "up":    { "uv": [ 9, 9, 10, 10 ], "texture": "#anvil_base" },
        "north": { "uv": [ 6, 2, 7, 3 ], "texture": "#anvil_base" },
        "south": { "uv": [ 9, 2, 10, 3 ], "texture": "#anvil_base" },
        "west":  { "uv": [ 9, 2, 10, 3 ], "texture": "#anvil_base" },
        "east":  { "uv": [ 6, 2, 7, 3 ], "texture": "#anvil_base" }
    }
},
{
    "__comment": "FingerHole2",
    "from": [ 9, 13, 6 ],
    "to": [ 10, 14, 7 ],
    "faces": {
        "up":    { "uv": [ 9, 6, 10, 7 ], "texture": "#anvil_base" },
        "north": { "uv": [ 6, 2, 7, 3 ], "texture": "#anvil_base" },
        "south": { "uv": [ 9, 2, 10, 3 ], "texture": "#anvil_base" },
        "west":  { "uv": [ 6, 2, 7, 3 ], "texture": "#anvil_base" },
        "east":  { "uv": [ 9, 2, 10, 3 ], "texture": "#anvil_base" }
    }
},
{
    "__comment": "FingerHole3",
    "from": [ 11.4375, 11.625, 7.5 ],
    "to": [ 12.4375, 12.625, 8.5 ],
    "faces": {
        "down":  { "uv": [ 4.5625, 8.5, 3.5625, 7.5 ], "texture": "#anvil_base" },
        "up":    { "uv": [ 11.4375, 7.5, 12.4375, 8.5 ], "texture": "#anvil_base" },
        "north": { "uv": [ 3.5625, 3.375, 4.5625, 4.375 ], "texture": "#anvil_base" },
        "south": { "uv": [ 11.4375, 3.375, 12.4375, 4.375 ], "texture": "#anvil_base" },
        "west":  { "uv": [ 7.5, 3.375, 8.5, 4.375 ], "texture": "#anvil_base" },
        "east":  { "uv": [ 7.5, 3.375, 8.5, 4.375 ], "texture": "#anvil_base" }
    }
},
{
    "from": [ 11.5, 5, 11.5 ],
    "to": [ 12.5, 11, 12.5 ],
    "faces": {
        "down":  { "uv": [ 4.5, 12.5, 3.5, 11.5 ], "texture": "#texture" },
        "up":    { "uv": [ 11.5, 11.5, 12.5, 12.5 ], "texture": "#texture" },
        "north": { "uv": [ 3.5, 5, 4.5, 11 ], "texture": "#texture" },
        "south": { "uv": [ 11.5, 5, 12.5, 11 ], "texture": "#texture" },
        "west":  { "uv": [ 11.5, 5, 12.5, 11 ], "texture": "#texture" },
        "east":  { "uv": [ 3.5, 5, 4.5, 11 ], "texture": "#texture" }
    }
},
{
    "from": [ 3.5, 5, 11.5 ],
    "to": [ 4.5, 11, 12.5 ],
    "faces": {
        "down":  { "uv": [ 12.5, 12.5, 11.5, 11.5 ], "texture": "#texture" },
        "up":    { "uv": [ 3.5, 11.5, 4.5, 12.5 ], "texture": "#texture" },
        "north": { "uv": [ 11.5, 5, 12.5, 11 ], "texture": "#texture" },
        "south": { "uv": [ 3.5, 5, 4.5, 11 ], "texture": "#texture" },
        "west":  { "uv": [ 11.5, 5, 12.5, 11 ], "texture": "#texture" },
        "east":  { "uv": [ 3.5, 5, 4.5, 11 ], "texture": "#texture" }
    }
},
{
    "from": [ 3.5, 5, 3.5 ],
    "to": [ 4.5, 11, 4.5 ],
    "faces": {
        "down":  { "uv": [ 12.5, 4.5, 11.5, 3.5 ], "texture": "#texture" },
        "up":    { "uv": [ 3.5, 3.5, 4.5, 4.5 ], "texture": "#texture" },
        "north": { "uv": [ 11.5, 5, 12.5, 11 ], "texture": "#texture" },
        "south": { "uv": [ 3.5, 5, 4.5, 11 ], "texture": "#texture" },
        "west":  { "uv": [ 3.5, 5, 4.5, 11 ], "texture": "#texture" },
        "east":  { "uv": [ 11.5, 5, 12.5, 11 ], "texture": "#texture" }
    }
},
{
    "from": [ 11.5, 5, 3.5 ],
    "to": [ 12.5, 11, 4.5 ],
    "faces": {
        "down":  { "uv": [ 4.5, 4.5, 3.5, 3.5 ], "texture": "#texture" },
        "up":    { "uv": [ 11.5, 3.5, 12.5, 4.5 ], "texture": "#texture" },
        "north": { "uv": [ 3.5, 5, 4.5, 11 ], "texture": "#texture" },
        "south": { "uv": [ 11.5, 5, 12.5, 11 ], "texture": "#texture" },
        "west":  { "uv": [ 3.5, 5, 4.5, 11 ], "texture": "#texture" },
        "east":  { "uv": [ 11.5, 5, 12.5, 11 ], "texture": "#texture" }
    }
}
],
"display": {
    "thirdperson_righthand": {
        "rotation": [ 0, 0, 0 ],
        "translation": [ -1.0, -2.2, 0 ],
        "scale": [ 0.7, 0.7, 0.7 ]
    }
}
}