{
    "__comment": "Model generated using MrCrayfish's Model Creator (http://mrcrayfish.com/modelcreator/)",
    "textures": {
        "particle": "blocks/planks_acacia",
        "0": "blocks/log_acacia",
        "1": "blocks/planks_acacia",
        "2": "blocks/wool_colored_silver"
    },
    "elements": [
        {
            "name": "Cube",
            "from": [ 2.3000000044703484, 0.0, 2.3000000044703484 ], 
            "to": [ 3.700000010430813, 13.0, 3.700000010430813 ], 
            "faces": {
                "north": { "texture": "#0", "uv": [ 8.0, 2.0, 9.400000005960464, 11.0 ] },
                "east": { "texture": "#0", "uv": [ 3.0, 2.0, 4.4000000059604645, 11.0 ] },
                "south": { "texture": "#0", "uv": [ 6.0, 6.0, 7.4000000059604645, 15.0 ] },
                "west": { "texture": "#0", "uv": [ 5.0, 2.0, 6.4000000059604645, 11.0 ] },
                "up": { "texture": "#0", "uv": [ 3.0, 3.0, 4.4000000059604645, 4.4000000059604645 ] },
                "down": { "texture": "#0", "uv": [ 2.0, 4.0, 3.4000000059604645, 5.4000000059604645 ] }
            }
        },
        {
            "name": "Cube",
            "from": [ 2.3000000044703484, 0.0, 12.300000004470348 ], 
            "to": [ 3.700000010430813, 13.0, 13.700000010430813 ], 
            "faces": {
                "north": { "texture": "#0", "uv": [ 5.0, 2.0, 6.4000000059604645, 11.0 ] },
                "east": { "texture": "#0", "uv": [ 4.0, 4.0, 5.4000000059604645, 13.0 ] },
                "south": { "texture": "#0", "uv": [ 1.0, 1.0, 2.4000000059604645, 10.0 ] },
                "west": { "texture": "#0", "uv": [ 2.0, 3.0, 3.4000000059604645, 12.0 ] },
                "up": { "texture": "#0", "uv": [ 6.0, 3.0, 7.4000000059604645, 4.4000000059604645 ] },
                "down": { "texture": "#0", "uv": [ 3.0, 8.0, 4.4000000059604645, 9.400000005960464 ] }
            }
        },
        {
            "name": "Cube",
            "from": [ 12.300000004470348, 0.0, 12.300000004470348 ], 
            "to": [ 13.700000010430813, 13.0, 13.700000010430813 ], 
            "faces": {
                "north": { "texture": "#0", "uv": [ 3.0, 0.0, 4.4000000059604645, 16.0 ] },
                "east": { "texture": "#0", "uv": [ 6.0, 0.0, 7.4000000059604645, 16.0 ] },
                "south": { "texture": "#0", "uv": [ 10.0, 0.0, 11.400000005960464, 16.0 ] },
                "west": { "texture": "#0", "uv": [ 4.0, 0.0, 5.4000000059604645, 16.0 ] },
                "up": { "texture": "#0", "uv": [ 4.0, 2.0, 5.4000000059604645, 3.4000000059604645 ] },
                "down": { "texture": "#0", "uv": [ 2.0, 2.0, 3.4000000059604645, 3.4000000059604645 ] }
            }
        },
        {
            "name": "Cube",
            "from": [ 12.300000004470348, 0.0, 2.3000000044703484 ], 
            "to": [ 13.700000010430813, 13.0, 3.700000010430813 ], 
            "faces": {
                "north": { "texture": "#0", "uv": [ 7.0, 0.0, 8.400000005960464, 16.0 ] },
                "east": { "texture": "#0", "uv": [ 5.0, 0.0, 6.4000000059604645, 16.0 ] },
                "south": { "texture": "#0", "uv": [ 3.0, 0.0, 4.4000000059604645, 16.0 ] },
                "west": { "texture": "#0", "uv": [ 1.0, 0.0, 2.4000000059604645, 16.0 ] },
                "up": { "texture": "#0", "uv": [ 3.0, 0.0, 4.4000000059604645, 1.4000000059604645 ] },
                "down": { "texture": "#0", "uv": [ 5.0, 4.0, 6.4000000059604645, 5.4000000059604645 ] }
            }
        },
        {
            "name": "Cube",
            "from": [ 2.0, 13.0, 2.0 ], 
            "to": [ 14.0, 14.0, 14.0 ], 
            "faces": {
                "north": { "texture": "#1", "uv": [ 2.0, 6.0, 12.0, 7.0 ] },
                "east": { "texture": "#1", "uv": [ 2.0, 15.0, 12.0, 16.0 ] },
                "south": { "texture": "#1", "uv": [ 3.0, 15.0, 13.0, 16.0 ] },
                "west": { "texture": "#1", "uv": [ 3.0, 15.0, 13.0, 16.0 ] },
                "up": { "texture": "#1", "uv": [ 2.0, 3.0, 12.0, 13.0 ] },
                "down": { "texture": "#1", "uv": [ 3.0, 2.0, 13.0, 12.0 ] }
            }
        },
        {
            "name": "Cube",
            "from": [ 2.5000000074505806, 14.0, 2.5000000074505806 ], 
            "to": [ 13.50000000745058, 14.299999989569187, 13.50000000745058 ], 
            "faces": {
                "north": { "texture": "#2", "uv": [ 2.0, 9.0, 11.0, 9.299999989569187 ] },
                "east": { "texture": "#2", "uv": [ 1.0, 14.0, 10.100000001490116, 14.299999989569187 ] },
                "south": { "texture": "#2", "uv": [ 4.0, 11.0, 13.0, 11.299999989569187 ] },
                "west": { "texture": "#2", "uv": [ 2.0, 5.0, 11.100000001490116, 5.299999989569187 ] },
                "up": { "texture": "#2", "uv": [ 3.0, 5.0, 12.0, 14.100000001490116 ] },
                "down": { "texture": "#-1", "uv": [ 0.0, 0.0, 9.0, 9.100000001490116 ] }
            }
        },
        {
            "name": "Cube",
            "from": [ 2.5000000074505806, 6.0, 2.5000000074505806 ], 
            "to": [ 3.5000000074505806, 7.0, 13.50000000745058 ], 
            "faces": {
                "north": { "texture": "#1", "uv": [ 2.0, 6.0, 3.0, 7.0 ], "cullface": "north" },
                "east": { "texture": "#1", "uv": [ 2.0, 15.0, 12.0, 16.0 ] },
                "south": { "texture": "#1", "uv": [ 3.0, 15.0, 13.0, 16.0 ] },
                "west": { "texture": "#1", "uv": [ 3.0, 13.0, 13.0, 14.0 ] },
                "up": { "texture": "#1", "uv": [ 4.0, 2.0, 5.0, 13.0 ] },
                "down": { "texture": "#1", "uv": [ 13.0, 3.0, 12.0, 13.0 ] }
            }
        },
        {
            "name": "Cube",
            "from": [ 12.50000000745058, 6.0, 2.5000000074505806 ], 
            "to": [ 13.50000000745058, 7.0, 13.50000000745058 ], 
            "faces": {
                "north": { "texture": "#1", "uv": [ 4.0, 8.0, 5.0, 9.0 ], "cullface": "north" },
                "east": { "texture": "#1", "uv": [ 1.0, 12.0, 11.0, 13.0 ] },
                "south": { "texture": "#1", "uv": [ 5.0, 11.0, 15.0, 12.0 ] },
                "west": { "texture": "#1", "uv": [ 3.0, 12.0, 13.0, 13.0 ] },
                "up": { "texture": "#1", "uv": [ 6.0, 3.0, 7.0, 14.0 ] },
                "down": { "texture": "#1", "uv": [ 11.0, 3.0, 10.0, 14.0 ] }
            }
        },
        {
            "name": "Cube",
            "from": [ 2.5000000074505806, 6.0, 2.5000000074505806 ], 
            "to": [ 13.50000000745058, 7.0, 3.5000000074505806 ], 
            "faces": {
                "north": { "texture": "#1", "uv": [ 3.0, 6.0, 14.0, 7.0 ], "cullface": "north" },
                "east": { "texture": "#1", "uv": [ 1.0, 11.0, 11.0, 12.0 ] },
                "south": { "texture": "#1", "uv": [ 3.0, 9.0, 13.0, 10.0 ] },
                "west": { "texture": "#1", "uv": [ 3.0, 10.0, 13.0, 11.0 ] },
                "up": { "texture": "#1", "uv": [ 3.0, 12.0, 14.0, 11.0 ] },
                "down": { "texture": "#1", "uv": [ 1.0, 5.0, 12.0, 6.0 ] }
            }
        },
        {
            "name": "Cube",
            "from": [ 2.5000000074505806, 6.0, 12.50000000745058 ], 
            "to": [ 13.50000000745058, 7.0, 13.50000000745058 ], 
            "faces": {
                "north": { "texture": "#1", "uv": [ 3.0, 9.0, 14.0, 10.0 ], "cullface": "north" },
                "east": { "texture": "#1", "uv": [ 2.0, 7.0, 12.0, 8.0 ] },
                "south": { "texture": "#1", "uv": [ 3.0, 0.0, 13.0, 1.0 ] },
                "west": { "texture": "#1", "uv": [ 4.0, 6.0, 14.0, 7.0 ] },
                "up": { "texture": "#1", "uv": [ 3.0, 15.0, 14.0, 14.0 ] },
                "down": { "texture": "#1", "uv": [ 1.0, 8.0, 12.0, 9.0 ] }
            }
        }
    ]
}