{
"__comment": "Designed by Merphin with BDcraft Cubik PRO 0.96 Beta - http://bdcraft.net",
"textures": {
    "texture": "blocks/void"
},
"elements": [ 
{
    "from": [ 0, 0, 0 ],
    "to": [ 0, 0, 0 ],
    "faces": {
        "down":  { "uv": [ 16, 1, 15, 0 ], "texture": "#texture" },
        "up":    { "uv": [ 0, 0, 1, 1 ], "texture": "#texture" },
        "north": { "uv": [ 15, 0, 16, 1 ], "texture": "#texture" },
        "south": { "uv": [ 0, 0, 1, 1 ], "texture": "#texture" },
        "west":  { "uv": [ 0, 0, 1, 1 ], "texture": "#texture" },
        "east":  { "uv": [ 15, 0, 16, 1 ], "texture": "#texture" }
    }
}
]
}