{
"__comment": "Modelled by Merphin with BDcraft Cubik PRO 0.96 Beta - http://bdcraft.net",
"textures": {
    "particle": "blocks/planks_spruce",
    "texture": "blocks/planks_spruce",
    "log_spruce": "blocks/log_spruce",
    "anvil_base": "blocks/anvil_base"
},
"elements": [ 
{
    "from": [ 0, 0, 0.5 ],
    "to": [ 16, 1, 15.5 ],
    "faces": {
        "down":  { "uv": [ 16, 15.5, 0, 0.5 ], "texture": "#texture" },
        "up":    { "uv": [ 0, 0.5, 16, 15.5 ], "texture": "#texture" },
        "north": { "uv": [ 0, 15, 16, 16 ], "texture": "#log_spruce" },
        "south": { "uv": [ 0, 15, 16, 16 ], "texture": "#log_spruce" },
        "west":  { "uv": [ 0.5, 15, 15.5, 16 ], "texture": "#texture" },
        "east":  { "uv": [ 0.5, 15, 15.5, 16 ], "texture": "#texture" }
    }
},
{
    "from": [ 0, 1, 0.5 ],
    "to": [ 5, 15, 15.5 ],
    "faces": {
        "down":  { "uv": [ 16, 15.5, 11, 0.5 ], "texture": "#texture" },
        "up":    { "uv": [ 0, 0.5, 5, 15.5 ], "texture": "#texture" },
        "north": { "uv": [ 11, 1, 16, 15 ], "texture": "#texture" },
        "south": { "uv": [ 0, 1, 5, 15 ], "texture": "#texture" },
        "west":  { "uv": [ 0.5, 1, 15.5, 15 ], "texture": "#texture" },
        "east":  { "uv": [ 0.5, 1, 15.5, 15 ], "texture": "#texture" }
    }
},
{
    "from": [ 0, 15, 0.5 ],
    "to": [ 16, 16, 15.5 ],
    "faces": {
        "down":  { "uv": [ 16, 15.5, 0, 0.5 ], "texture": "#texture" },
        "up":    { "uv": [ 0, 0.5, 16, 15.5 ], "texture": "#texture" },
        "north": { "uv": [ 0, 0, 16, 1 ], "texture": "#log_spruce" },
        "south": { "uv": [ 0, 0, 16, 1 ], "texture": "#log_spruce" },
        "west":  { "uv": [ 0.5, 0, 15.5, 1 ], "texture": "#texture" },
        "east":  { "uv": [ 0.5, 0, 15.5, 1 ], "texture": "#texture" }
    }
},
{
    "from": [ 0, 0, 0 ],
    "to": [ 16, 16, 0.5 ],
    "faces": {
        "down":  { "uv": [ 16, 0.5, 0, 0 ], "texture": "#log_spruce" },
        "up":    { "uv": [ 0, 0, 16, 0.5 ], "texture": "#log_spruce" },
        "north": { "uv": [ 0, 0, 16, 16 ], "texture": "#log_spruce" },
        "south": { "uv": [ 0, 0, 16, 16 ], "texture": "#texture" },
        "west":  { "uv": [ 0, 0, 0.5, 16 ], "texture": "#log_spruce" },
        "east":  { "uv": [ 15.5, 0, 16, 16 ], "texture": "#log_spruce" }
    }
},
{
    "from": [ 0, 0, 15.5 ],
    "to": [ 16, 16, 16 ],
    "faces": {
        "down":  { "uv": [ 16, 16, 0, 15.5 ], "texture": "#log_spruce" },
        "up":    { "uv": [ 0, 15.5, 16, 16 ], "texture": "#log_spruce" },
        "north": { "uv": [ 0, 0, 16, 16 ], "texture": "#texture" },
        "south": { "uv": [ 0, 0, 16, 16 ], "texture": "#log_spruce" },
        "west":  { "uv": [ 15.5, 0, 16, 16 ], "texture": "#log_spruce" },
        "east":  { "uv": [ 0, 0, 0.5, 16 ], "texture": "#log_spruce" }
    }
},
{
    "from": [ 6.5, 3, 0.5 ],
    "to": [ 7.5, 4, 15.5 ],
    "faces": {
        "down":  { "uv": [ 9.5, 15.5, 8.5, 0.5 ], "texture": "#anvil_base" },
        "up":    { "uv": [ 6.5, 0.5, 7.5, 15.5 ], "texture": "#anvil_base" },
        "north": { "uv": [ 8.5, 12, 9.5, 13 ], "texture": "#anvil_base" },
        "south": { "uv": [ 6.5, 12, 7.5, 13 ], "texture": "#anvil_base" },
        "west":  { "uv": [ 0.5, 12, 15.5, 13 ], "texture": "#anvil_base" },
        "east":  { "uv": [ 0.5, 12, 15.5, 13 ], "texture": "#anvil_base" }
    }
},
{
    "from": [ 13.5, 3, 0.5 ],
    "to": [ 14.5, 4, 15.5 ],
    "faces": {
        "down":  { "uv": [ 2.5, 15.5, 1.5, 0.5 ], "texture": "#anvil_base" },
        "up":    { "uv": [ 13.5, 0.5, 14.5, 15.5 ], "texture": "#anvil_base" },
        "north": { "uv": [ 1.5, 12, 2.5, 13 ], "texture": "#anvil_base" },
        "south": { "uv": [ 13.5, 12, 14.5, 13 ], "texture": "#anvil_base" },
        "west":  { "uv": [ 0.5, 12, 15.5, 13 ], "texture": "#anvil_base" },
        "east":  { "uv": [ 0.5, 12, 15.5, 13 ], "texture": "#anvil_base" }
    }
}
]
}