{
    "multipart": [
        {   "when": { "north": false, "east": true, "south": false, "west": false },
            "apply": { "model": "gold_ore", "y": 0, "uvlock": true }
        },
        {   "when": { "north": false, "east": true, "south": false, "west": true },
            "apply": { "model": "iron_ore", "y": 0, "uvlock": true }
        },
        {   "when": { "north": false, "east": true, "south": false, "west": true },
            "apply": { "model": "iron_ore", "y": 0, "uvlock": true }
        },
        {   "when": { "north": false, "east": false, "south": false, "west": true },
            "apply": { "model": "coal_ore", "y": 0, "uvlock": true }
        },
        {   "when": { "north": false, "east": false, "south": false, "west": false },
            "apply": { "model": "pink_stained_glass_pane_post", "y": 0, "uvlock": true }
        }
    ]
}
