{
"__comment": "Designed by Merphin with BDcraft Cubik PRO 0.96 Beta - http://bdcraft.net",
"textures": {
    "particle": "blocks/stone_slab_top",
    "texture": "blocks/stone_slab_top"
},
"elements": [ 
{
    "__comment": "Pin5",
    "from": [ 5, 5.5, 11 ],
    "to": [ 6, 6.5, 16 ],
    "faces": {
        "down":  { "uv": [ 11, 16, 10, 11 ], "texture": "#texture" },
        "up":    { "uv": [ 5, 11, 6, 16 ], "texture": "#texture" },
        "north": { "uv": [ 10, 9.5, 11, 10.5 ], "texture": "#texture" },
        "south": { "uv": [ 5, 9.5, 6, 10.5 ], "texture": "#texture" },
        "west":  { "uv": [ 11, 9.5, 16, 10.5 ], "texture": "#texture" },
        "east":  { "uv": [ 0, 9.5, 5, 10.5 ], "texture": "#texture" }
    }
},
{
    "__comment": "Pin5",
    "from": [ 5.5, 5.5, 10.5 ],
    "to": [ 10.5, 6.5, 11.5 ],
    "faces": {
        "down":  { "uv": [ 10.5, 11.5, 5.5, 10.5 ], "texture": "#texture" },
        "up":    { "uv": [ 5.5, 10.5, 10.5, 11.5 ], "texture": "#texture" },
        "north": { "uv": [ 5.5, 9.5, 10.5, 10.5 ], "texture": "#texture" },
        "south": { "uv": [ 5.5, 9.5, 10.5, 10.5 ], "texture": "#texture" },
        "west":  { "uv": [ 10.5, 9.5, 11.5, 10.5 ], "texture": "#texture" },
        "east":  { "uv": [ 4.5, 9.5, 5.5, 10.5 ], "texture": "#texture" }
    }
},
{
    "__comment": "Pin5",
    "from": [ 5.5, 5.5, 15.5 ],
    "to": [ 10.5, 6.5, 16.5 ],
    "faces": {
        "down":  { "uv": [ 10.5, 16, 5.5, 15.5 ], "texture": "#texture" },
        "up":    { "uv": [ 5.5, 15.5, 10.5, 16 ], "texture": "#texture" },
        "north": { "uv": [ 5.5, 9.5, 10.5, 10.5 ], "texture": "#texture" },
        "south": { "uv": [ 5.5, 9.5, 10.5, 10.5 ], "texture": "#texture" },
        "west":  { "uv": [ 15.5, 9.5, 16, 10.5 ], "texture": "#texture" },
        "east":  { "uv": [ 0, 9.5, 0.5, 10.5 ], "texture": "#texture" }
    }
},
{
    "__comment": "Pin5",
    "from": [ 10, 5.5, 11 ],
    "to": [ 11, 6.5, 16 ],
    "faces": {
        "down":  { "uv": [ 6, 16, 5, 11 ], "texture": "#texture" },
        "up":    { "uv": [ 10, 11, 11, 16 ], "texture": "#texture" },
        "north": { "uv": [ 5, 9.5, 6, 10.5 ], "texture": "#texture" },
        "south": { "uv": [ 10, 9.5, 11, 10.5 ], "texture": "#texture" },
        "west":  { "uv": [ 11, 9.5, 16, 10.5 ], "texture": "#texture" },
        "east":  { "uv": [ 0, 9.5, 5, 10.5 ], "texture": "#texture" }
    }
},
{
    "__comment": "Pin5",
    "from": [ 5, 10, 11 ],
    "to": [ 6, 11, 16 ],
    "faces": {
        "down":  { "uv": [ 11, 16, 10, 11 ], "texture": "#texture" },
        "up":    { "uv": [ 5, 11, 6, 16 ], "texture": "#texture" },
        "north": { "uv": [ 10, 5, 11, 6 ], "texture": "#texture" },
        "south": { "uv": [ 5, 5, 6, 6 ], "texture": "#texture" },
        "west":  { "uv": [ 11, 5, 16, 6 ], "texture": "#texture" },
        "east":  { "uv": [ 0, 5, 5, 6 ], "texture": "#texture" }
    }
},
{
    "__comment": "Pin5",
    "from": [ 5.5, 10, 10.5 ],
    "to": [ 10.5, 11, 11.5 ],
    "faces": {
        "down":  { "uv": [ 10.5, 11.5, 5.5, 10.5 ], "texture": "#texture" },
        "up":    { "uv": [ 5.5, 10.5, 10.5, 11.5 ], "texture": "#texture" },
        "north": { "uv": [ 5.5, 5, 10.5, 6 ], "texture": "#texture" },
        "south": { "uv": [ 5.5, 5, 10.5, 6 ], "texture": "#texture" },
        "west":  { "uv": [ 10.5, 5, 11.5, 6 ], "texture": "#texture" },
        "east":  { "uv": [ 4.5, 5, 5.5, 6 ], "texture": "#texture" }
    }
},
{
    "__comment": "Pin5",
    "from": [ 5.5, 10, 15.5 ],
    "to": [ 10.5, 11, 16.5 ],
    "faces": {
        "down":  { "uv": [ 10.5, 16, 5.5, 15.5 ], "texture": "#texture" },
        "up":    { "uv": [ 5.5, 15.5, 10.5, 16 ], "texture": "#texture" },
        "north": { "uv": [ 5.5, 5, 10.5, 6 ], "texture": "#texture" },
        "south": { "uv": [ 5.5, 5, 10.5, 6 ], "texture": "#texture" },
        "west":  { "uv": [ 15.5, 5, 16, 6 ], "texture": "#texture" },
        "east":  { "uv": [ 0, 5, 0.5, 6 ], "texture": "#texture" }
    }
},
{
    "__comment": "Pin5",
    "from": [ 10, 10, 11 ],
    "to": [ 11, 11, 16 ],
    "faces": {
        "down":  { "uv": [ 6, 16, 5, 11 ], "texture": "#texture" },
        "up":    { "uv": [ 10, 11, 11, 16 ], "texture": "#texture" },
        "north": { "uv": [ 5, 5, 6, 6 ], "texture": "#texture" },
        "south": { "uv": [ 10, 5, 11, 6 ], "texture": "#texture" },
        "west":  { "uv": [ 11, 5, 16, 6 ], "texture": "#texture" },
        "east":  { "uv": [ 0, 5, 5, 6 ], "texture": "#texture" }
    }
},
{
    "__comment": "Pin5",
    "from": [ 5.5, 6.5, 13 ],
    "to": [ 6, 10, 14 ],
    "faces": {
        "north": { "uv": [ 10, 6, 10.5, 9.5 ], "texture": "#texture" },
        "south": { "uv": [ 5.5, 6, 6, 9.5 ], "texture": "#texture" },
        "west":  { "uv": [ 13, 6, 14, 9.5 ], "texture": "#texture" },
        "east":  { "uv": [ 2, 6, 3, 9.5 ], "texture": "#texture" }
    }
},
{
    "__comment": "Pin5",
    "from": [ 10, 6.5, 13 ],
    "to": [ 10.5, 10, 14 ],
    "faces": {
        "north": { "uv": [ 5.5, 6, 6, 9.5 ], "texture": "#texture" },
        "south": { "uv": [ 10, 6, 10.5, 9.5 ], "texture": "#texture" },
        "west":  { "uv": [ 13, 6, 14, 9.5 ], "texture": "#texture" },
        "east":  { "uv": [ 2, 6, 3, 9.5 ], "texture": "#texture" }
    }
},
{
    "__comment": "Pin5",
    "from": [ 7.5, 6.5, 11 ],
    "to": [ 8.5, 10, 11.5 ],
    "faces": {
        "north": { "uv": [ 7.5, 6, 8.5, 9.5 ], "texture": "#texture" },
        "south": { "uv": [ 7.5, 6, 8.5, 9.5 ], "texture": "#texture" },
        "west":  { "uv": [ 11, 6, 11.5, 9.5 ], "texture": "#texture" },
        "east":  { "uv": [ 4.5, 6, 5, 9.5 ], "texture": "#texture" }
    }
},
{
    "__comment": "Pin5",
    "from": [ 7.5, 6.5, 15.5 ],
    "to": [ 8.5, 10, 16 ],
    "faces": {
        "north": { "uv": [ 7.5, 6, 8.5, 9.5 ], "texture": "#texture" },
        "south": { "uv": [ 7.5, 6, 8.5, 9.5 ], "texture": "#texture" },
        "west":  { "uv": [ 15.5, 6, 16, 9.5 ], "texture": "#texture" },
        "east":  { "uv": [ 0, 6, 0.5, 9.5 ], "texture": "#texture" }
    }
},
{
    "__comment": "Pin6",
    "from": [ -8, 5.5, 10.875 ],
    "to": [ -7, 6.5, 15.875 ],
    "faces": {
        "down":  { "uv": [ 16, 15.875, 16, 10.875 ], "texture": "#texture" },
        "up":    { "uv": [ 0, 10.875, 0, 15.875 ], "texture": "#texture" },
        "north": { "uv": [ 16, 9.5, 16, 10.5 ], "texture": "#texture" },
        "south": { "uv": [ 0, 9.5, 0, 10.5 ], "texture": "#texture" },
        "west":  { "uv": [ 10.875, 9.5, 15.875, 10.5 ], "texture": "#texture" },
        "east":  { "uv": [ 0.125, 9.5, 5.125, 10.5 ], "texture": "#texture" }
    }
},
{
    "__comment": "Pin6",
    "from": [ -7.5, 5.5, 10.375 ],
    "to": [ -2.5, 6.5, 11.375 ],
    "faces": {
        "down":  { "uv": [ 16, 11.375, 16, 10.375 ], "texture": "#texture" },
        "up":    { "uv": [ 0, 10.375, 0, 11.375 ], "texture": "#texture" },
        "north": { "uv": [ 16, 9.5, 16, 10.5 ], "texture": "#texture" },
        "south": { "uv": [ 0, 9.5, 0, 10.5 ], "texture": "#texture" },
        "west":  { "uv": [ 10.375, 9.5, 11.375, 10.5 ], "texture": "#texture" },
        "east":  { "uv": [ 4.625, 9.5, 5.625, 10.5 ], "texture": "#texture" }
    }
},
{
    "__comment": "Pin6",
    "from": [ -7.5, 5.5, 15.375 ],
    "to": [ -2.5, 6.5, 16.375 ],
    "faces": {
        "down":  { "uv": [ 16, 16, 16, 15.375 ], "texture": "#texture" },
        "up":    { "uv": [ 0, 15.375, 0, 16 ], "texture": "#texture" },
        "north": { "uv": [ 16, 9.5, 16, 10.5 ], "texture": "#texture" },
        "south": { "uv": [ 0, 9.5, 0, 10.5 ], "texture": "#texture" },
        "west":  { "uv": [ 15.375, 9.5, 16, 10.5 ], "texture": "#texture" },
        "east":  { "uv": [ 0, 9.5, 0.625, 10.5 ], "texture": "#texture" }
    }
},
{
    "__comment": "Pin6",
    "from": [ -3, 5.5, 10.875 ],
    "to": [ -2, 6.5, 15.875 ],
    "faces": {
        "down":  { "uv": [ 16, 15.875, 16, 10.875 ], "texture": "#texture" },
        "up":    { "uv": [ 0, 10.875, 0, 15.875 ], "texture": "#texture" },
        "north": { "uv": [ 16, 9.5, 16, 10.5 ], "texture": "#texture" },
        "south": { "uv": [ 0, 9.5, 0, 10.5 ], "texture": "#texture" },
        "west":  { "uv": [ 10.875, 9.5, 15.875, 10.5 ], "texture": "#texture" },
        "east":  { "uv": [ 0.125, 9.5, 5.125, 10.5 ], "texture": "#texture" }
    }
},
{
    "__comment": "Pin6",
    "from": [ -8, 10, 10.875 ],
    "to": [ -7, 11, 15.875 ],
    "faces": {
        "down":  { "uv": [ 16, 15.875, 16, 10.875 ], "texture": "#texture" },
        "up":    { "uv": [ 0, 10.875, 0, 15.875 ], "texture": "#texture" },
        "north": { "uv": [ 16, 5, 16, 6 ], "texture": "#texture" },
        "south": { "uv": [ 0, 5, 0, 6 ], "texture": "#texture" },
        "west":  { "uv": [ 10.875, 5, 15.875, 6 ], "texture": "#texture" },
        "east":  { "uv": [ 0.125, 5, 5.125, 6 ], "texture": "#texture" }
    }
},
{
    "__comment": "Pin6",
    "from": [ -7.5, 10, 10.375 ],
    "to": [ -2.5, 11, 11.375 ],
    "faces": {
        "down":  { "uv": [ 16, 11.375, 16, 10.375 ], "texture": "#texture" },
        "up":    { "uv": [ 0, 10.375, 0, 11.375 ], "texture": "#texture" },
        "north": { "uv": [ 16, 5, 16, 6 ], "texture": "#texture" },
        "south": { "uv": [ 0, 5, 0, 6 ], "texture": "#texture" },
        "west":  { "uv": [ 10.375, 5, 11.375, 6 ], "texture": "#texture" },
        "east":  { "uv": [ 4.625, 5, 5.625, 6 ], "texture": "#texture" }
    }
},
{
    "__comment": "Pin6",
    "from": [ -7.5, 10, 15.375 ],
    "to": [ -2.5, 11, 16.375 ],
    "faces": {
        "down":  { "uv": [ 11, 12, 5, 10.5 ], "texture": "#texture" },
        "up":    { "uv": [ 5, 10.5, 11, 12 ], "texture": "#texture" },
        "north": { "uv": [ 5, 3.5, 11, 5 ], "texture": "#texture" },
        "south": { "uv": [ 5, 3.5, 11, 5 ], "texture": "#texture" },
        "west":  { "uv": [ 10.5, 3.5, 12, 5 ], "texture": "#texture" },
        "east":  { "uv": [ 4, 3.5, 5.5, 5 ], "texture": "#texture" }
    }
},
{
    "__comment": "Pin6",
    "from": [ -3, 10, 10.875 ],
    "to": [ -2, 11, 15.875 ],
    "faces": {
        "down":  { "uv": [ 16, 15.875, 16, 10.875 ], "texture": "#texture" },
        "up":    { "uv": [ 0, 10.875, 0, 15.875 ], "texture": "#texture" },
        "north": { "uv": [ 16, 5, 16, 6 ], "texture": "#texture" },
        "south": { "uv": [ 0, 5, 0, 6 ], "texture": "#texture" },
        "west":  { "uv": [ 10.875, 5, 15.875, 6 ], "texture": "#texture" },
        "east":  { "uv": [ 0.125, 5, 5.125, 6 ], "texture": "#texture" }
    }
},
{
    "__comment": "Pin6",
    "from": [ -7.5, 6.5, 12.875 ],
    "to": [ -7, 10, 13.875 ],
    "faces": {
        "north": { "uv": [ 16, 6, 16, 9.5 ], "texture": "#texture" },
        "south": { "uv": [ 0, 6, 0, 9.5 ], "texture": "#texture" },
        "west":  { "uv": [ 12.875, 6, 13.875, 9.5 ], "texture": "#texture" },
        "east":  { "uv": [ 2.125, 6, 3.125, 9.5 ], "texture": "#texture" }
    }
},
{
    "__comment": "Pin6",
    "from": [ -3, 6.5, 12.875 ],
    "to": [ -2.5, 10, 13.875 ],
    "faces": {
        "north": { "uv": [ 16, 6, 16, 9.5 ], "texture": "#texture" },
        "south": { "uv": [ 0, 6, 0, 9.5 ], "texture": "#texture" },
        "west":  { "uv": [ 12.875, 6, 13.875, 9.5 ], "texture": "#texture" },
        "east":  { "uv": [ 2.125, 6, 3.125, 9.5 ], "texture": "#texture" }
    }
},
{
    "__comment": "Pin6",
    "from": [ -5.5, 6.5, 10.875 ],
    "to": [ -4.5, 10, 11.375 ],
    "faces": {
        "north": { "uv": [ 16, 6, 16, 9.5 ], "texture": "#texture" },
        "south": { "uv": [ 0, 6, 0, 9.5 ], "texture": "#texture" },
        "west":  { "uv": [ 10.875, 6, 11.375, 9.5 ], "texture": "#texture" },
        "east":  { "uv": [ 4.625, 6, 5.125, 9.5 ], "texture": "#texture" }
    }
},
{
    "__comment": "Pin6",
    "from": [ -5.5, 6.5, 15.375 ],
    "to": [ -4.5, 10, 15.875 ],
    "faces": {
        "north": { "uv": [ 16, 6, 16, 9.5 ], "texture": "#texture" },
        "south": { "uv": [ 0, 6, 0, 9.5 ], "texture": "#texture" },
        "west":  { "uv": [ 15.375, 6, 15.875, 9.5 ], "texture": "#texture" },
        "east":  { "uv": [ 0.125, 6, 0.625, 9.5 ], "texture": "#texture" }
    }
},
{
    "__comment": "Pin4",
    "from": [ 18, 5.5, 11 ],
    "to": [ 19, 6.5, 16 ],
    "faces": {
        "down":  { "uv": [ 0, 16, 0, 11 ], "texture": "#texture" },
        "up":    { "uv": [ 16, 11, 16, 16 ], "texture": "#texture" },
        "north": { "uv": [ 0, 9.5, 0, 10.5 ], "texture": "#texture" },
        "south": { "uv": [ 16, 9.5, 16, 10.5 ], "texture": "#texture" },
        "west":  { "uv": [ 11, 9.5, 16, 10.5 ], "texture": "#texture" },
        "east":  { "uv": [ 0, 9.5, 5, 10.5 ], "texture": "#texture" }
    }
},
{
    "__comment": "Pin4",
    "from": [ 18.5, 5.5, 10.5 ],
    "to": [ 23.5, 6.5, 11.5 ],
    "faces": {
        "down":  { "uv": [ 0, 11.5, 0, 10.5 ], "texture": "#texture" },
        "up":    { "uv": [ 16, 10.5, 16, 11.5 ], "texture": "#texture" },
        "north": { "uv": [ 0, 9.5, 0, 10.5 ], "texture": "#texture" },
        "south": { "uv": [ 16, 9.5, 16, 10.5 ], "texture": "#texture" },
        "west":  { "uv": [ 10.5, 9.5, 11.5, 10.5 ], "texture": "#texture" },
        "east":  { "uv": [ 4.5, 9.5, 5.5, 10.5 ], "texture": "#texture" }
    }
},
{
    "__comment": "Pin4",
    "from": [ 18.5, 5.5, 15.5 ],
    "to": [ 23.5, 6.5, 16.5 ],
    "faces": {
        "down":  { "uv": [ 0, 16, 0, 15.5 ], "texture": "#texture" },
        "up":    { "uv": [ 16, 15.5, 16, 16 ], "texture": "#texture" },
        "north": { "uv": [ 0, 9.5, 0, 10.5 ], "texture": "#texture" },
        "south": { "uv": [ 16, 9.5, 16, 10.5 ], "texture": "#texture" },
        "west":  { "uv": [ 15.5, 9.5, 16, 10.5 ], "texture": "#texture" },
        "east":  { "uv": [ 0, 9.5, 0.5, 10.5 ], "texture": "#texture" }
    }
},
{
    "__comment": "Pin4",
    "from": [ 23, 5.5, 11 ],
    "to": [ 24, 6.5, 16 ],
    "faces": {
        "down":  { "uv": [ 0, 16, 0, 11 ], "texture": "#texture" },
        "up":    { "uv": [ 16, 11, 16, 16 ], "texture": "#texture" },
        "north": { "uv": [ 0, 9.5, 0, 10.5 ], "texture": "#texture" },
        "south": { "uv": [ 16, 9.5, 16, 10.5 ], "texture": "#texture" },
        "west":  { "uv": [ 11, 9.5, 16, 10.5 ], "texture": "#texture" },
        "east":  { "uv": [ 0, 9.5, 5, 10.5 ], "texture": "#texture" }
    }
},
{
    "__comment": "Pin4",
    "from": [ 18, 10, 11 ],
    "to": [ 19, 11, 16 ],
    "faces": {
        "down":  { "uv": [ 0, 16, 0, 11 ], "texture": "#texture" },
        "up":    { "uv": [ 16, 11, 16, 16 ], "texture": "#texture" },
        "north": { "uv": [ 0, 5, 0, 6 ], "texture": "#texture" },
        "south": { "uv": [ 16, 5, 16, 6 ], "texture": "#texture" },
        "west":  { "uv": [ 11, 5, 16, 6 ], "texture": "#texture" },
        "east":  { "uv": [ 0, 5, 5, 6 ], "texture": "#texture" }
    }
},
{
    "__comment": "Pin4",
    "from": [ 18.5, 10, 10.5 ],
    "to": [ 23.5, 11, 11.5 ],
    "faces": {
        "down":  { "uv": [ 0, 11.5, 0, 10.5 ], "texture": "#texture" },
        "up":    { "uv": [ 16, 10.5, 16, 11.5 ], "texture": "#texture" },
        "north": { "uv": [ 0, 5, 0, 6 ], "texture": "#texture" },
        "south": { "uv": [ 16, 5, 16, 6 ], "texture": "#texture" },
        "west":  { "uv": [ 10.5, 5, 11.5, 6 ], "texture": "#texture" },
        "east":  { "uv": [ 4.5, 5, 5.5, 6 ], "texture": "#texture" }
    }
},
{
    "__comment": "Pin4",
    "from": [ 18.5, 10, 15.5 ],
    "to": [ 23.5, 11, 16.5 ],
    "faces": {
        "down":  { "uv": [ 0, 16, 0, 15.5 ], "texture": "#texture" },
        "up":    { "uv": [ 16, 15.5, 16, 16 ], "texture": "#texture" },
        "north": { "uv": [ 0, 5, 0, 6 ], "texture": "#texture" },
        "south": { "uv": [ 16, 5, 16, 6 ], "texture": "#texture" },
        "west":  { "uv": [ 15.5, 5, 16, 6 ], "texture": "#texture" },
        "east":  { "uv": [ 0, 5, 0.5, 6 ], "texture": "#texture" }
    }
},
{
    "__comment": "Pin4",
    "from": [ 23, 10, 11 ],
    "to": [ 24, 11, 16 ],
    "faces": {
        "down":  { "uv": [ 0, 16, 0, 11 ], "texture": "#texture" },
        "up":    { "uv": [ 16, 11, 16, 16 ], "texture": "#texture" },
        "north": { "uv": [ 0, 5, 0, 6 ], "texture": "#texture" },
        "south": { "uv": [ 16, 5, 16, 6 ], "texture": "#texture" },
        "west":  { "uv": [ 11, 5, 16, 6 ], "texture": "#texture" },
        "east":  { "uv": [ 0, 5, 5, 6 ], "texture": "#texture" }
    }
},
{
    "__comment": "Pin4",
    "from": [ 18.5, 6.5, 13 ],
    "to": [ 19, 10, 14 ],
    "faces": {
        "north": { "uv": [ 0, 6, 0, 9.5 ], "texture": "#texture" },
        "south": { "uv": [ 16, 6, 16, 9.5 ], "texture": "#texture" },
        "west":  { "uv": [ 13, 6, 14, 9.5 ], "texture": "#texture" },
        "east":  { "uv": [ 2, 6, 3, 9.5 ], "texture": "#texture" }
    }
},
{
    "__comment": "Pin4",
    "from": [ 23, 6.5, 13 ],
    "to": [ 23.5, 10, 14 ],
    "faces": {
        "north": { "uv": [ 0, 6, 0, 9.5 ], "texture": "#texture" },
        "south": { "uv": [ 16, 6, 16, 9.5 ], "texture": "#texture" },
        "west":  { "uv": [ 13, 6, 14, 9.5 ], "texture": "#texture" },
        "east":  { "uv": [ 2, 6, 3, 9.5 ], "texture": "#texture" }
    }
},
{
    "__comment": "Pin4",
    "from": [ 20.5, 6.5, 11 ],
    "to": [ 21.5, 10, 11.5 ],
    "faces": {
        "north": { "uv": [ 0, 6, 0, 9.5 ], "texture": "#texture" },
        "south": { "uv": [ 16, 6, 16, 9.5 ], "texture": "#texture" },
        "west":  { "uv": [ 11, 6, 11.5, 9.5 ], "texture": "#texture" },
        "east":  { "uv": [ 4.5, 6, 5, 9.5 ], "texture": "#texture" }
    }
},
{
    "__comment": "Pin4",
    "from": [ 20.5, 6.5, 15.5 ],
    "to": [ 21.5, 10, 16 ],
    "faces": {
        "north": { "uv": [ 0, 6, 0, 9.5 ], "texture": "#texture" },
        "south": { "uv": [ 16, 6, 16, 9.5 ], "texture": "#texture" },
        "west":  { "uv": [ 15.5, 6, 16, 9.5 ], "texture": "#texture" },
        "east":  { "uv": [ 0, 6, 0.5, 9.5 ], "texture": "#texture" }
    }
},
{
    "__comment": "Pin2",
    "from": [ 11.5, 5.5, -1 ],
    "to": [ 12.5, 6.5, 4 ],
    "faces": {
        "down":  { "uv": [ 4.5, 4, 3.5, 0 ], "texture": "#texture" },
        "up":    { "uv": [ 11.5, 0, 12.5, 4 ], "texture": "#texture" },
        "north": { "uv": [ 3.5, 9.5, 4.5, 10.5 ], "texture": "#texture" },
        "south": { "uv": [ 11.5, 9.5, 12.5, 10.5 ], "texture": "#texture" },
        "west":  { "uv": [ 0, 9.5, 4, 10.5 ], "texture": "#texture" },
        "east":  { "uv": [ 12, 9.5, 16, 10.5 ], "texture": "#texture" }
    }
},
{
    "__comment": "Pin2",
    "from": [ 12, 5.5, -1.5 ],
    "to": [ 17, 6.5, -0.5 ],
    "faces": {
        "down":  { "uv": [ 4, 0, 0, 0 ], "texture": "#texture" },
        "up":    { "uv": [ 12, 0, 16, 0 ], "texture": "#texture" },
        "north": { "uv": [ 0, 9.5, 4, 10.5 ], "texture": "#texture" },
        "south": { "uv": [ 12, 9.5, 16, 10.5 ], "texture": "#texture" },
        "west":  { "uv": [ 0, 9.5, 0, 10.5 ], "texture": "#texture" },
        "east":  { "uv": [ 16, 9.5, 16, 10.5 ], "texture": "#texture" }
    }
},
{
    "__comment": "Pin2",
    "from": [ 12, 5.5, 3.5 ],
    "to": [ 17, 6.5, 4.5 ],
    "faces": {
        "down":  { "uv": [ 4, 4.5, 0, 3.5 ], "texture": "#texture" },
        "up":    { "uv": [ 12, 3.5, 16, 4.5 ], "texture": "#texture" },
        "north": { "uv": [ 0, 9.5, 4, 10.5 ], "texture": "#texture" },
        "south": { "uv": [ 12, 9.5, 16, 10.5 ], "texture": "#texture" },
        "west":  { "uv": [ 3.5, 9.5, 4.5, 10.5 ], "texture": "#texture" },
        "east":  { "uv": [ 11.5, 9.5, 12.5, 10.5 ], "texture": "#texture" }
    }
},
{
    "__comment": "Pin2",
    "from": [ 16.5, 5.5, -1 ],
    "to": [ 17.5, 6.5, 4 ],
    "faces": {
        "down":  { "uv": [ 0, 4, 0, 0 ], "texture": "#texture" },
        "up":    { "uv": [ 16, 0, 16, 4 ], "texture": "#texture" },
        "north": { "uv": [ 0, 9.5, 0, 10.5 ], "texture": "#texture" },
        "south": { "uv": [ 16, 9.5, 16, 10.5 ], "texture": "#texture" },
        "west":  { "uv": [ 0, 9.5, 4, 10.5 ], "texture": "#texture" },
        "east":  { "uv": [ 12, 9.5, 16, 10.5 ], "texture": "#texture" }
    }
},
{
    "__comment": "Pin2",
    "from": [ 11.5, 10, -1 ],
    "to": [ 12.5, 11, 4 ],
    "faces": {
        "down":  { "uv": [ 4.5, 4, 3.5, 0 ], "texture": "#texture" },
        "up":    { "uv": [ 11.5, 0, 12.5, 4 ], "texture": "#texture" },
        "north": { "uv": [ 3.5, 5, 4.5, 6 ], "texture": "#texture" },
        "south": { "uv": [ 11.5, 5, 12.5, 6 ], "texture": "#texture" },
        "west":  { "uv": [ 0, 5, 4, 6 ], "texture": "#texture" },
        "east":  { "uv": [ 12, 5, 16, 6 ], "texture": "#texture" }
    }
},
{
    "__comment": "Pin2",
    "from": [ 12, 10, -1.5 ],
    "to": [ 17, 11, -0.5 ],
    "faces": {
        "down":  { "uv": [ 4, 0, 0, 0 ], "texture": "#texture" },
        "up":    { "uv": [ 12, 0, 16, 0 ], "texture": "#texture" },
        "north": { "uv": [ 0, 5, 4, 6 ], "texture": "#texture" },
        "south": { "uv": [ 12, 5, 16, 6 ], "texture": "#texture" },
        "west":  { "uv": [ 0, 5, 0, 6 ], "texture": "#texture" },
        "east":  { "uv": [ 16, 5, 16, 6 ], "texture": "#texture" }
    }
},
{
    "__comment": "Pin2",
    "from": [ 12, 10, 3.5 ],
    "to": [ 17, 11, 4.5 ],
    "faces": {
        "down":  { "uv": [ 4, 4.5, 0, 3.5 ], "texture": "#texture" },
        "up":    { "uv": [ 12, 3.5, 16, 4.5 ], "texture": "#texture" },
        "north": { "uv": [ 0, 5, 4, 6 ], "texture": "#texture" },
        "south": { "uv": [ 12, 5, 16, 6 ], "texture": "#texture" },
        "west":  { "uv": [ 3.5, 5, 4.5, 6 ], "texture": "#texture" },
        "east":  { "uv": [ 11.5, 5, 12.5, 6 ], "texture": "#texture" }
    }
},
{
    "__comment": "Pin2",
    "from": [ 16.5, 10, -1 ],
    "to": [ 17.5, 11, 4 ],
    "faces": {
        "down":  { "uv": [ 0, 4, 0, 0 ], "texture": "#texture" },
        "up":    { "uv": [ 16, 0, 16, 4 ], "texture": "#texture" },
        "north": { "uv": [ 0, 5, 0, 6 ], "texture": "#texture" },
        "south": { "uv": [ 16, 5, 16, 6 ], "texture": "#texture" },
        "west":  { "uv": [ 0, 5, 4, 6 ], "texture": "#texture" },
        "east":  { "uv": [ 12, 5, 16, 6 ], "texture": "#texture" }
    }
},
{
    "__comment": "Pin2",
    "from": [ 12, 6.5, 1 ],
    "to": [ 12.5, 10, 2 ],
    "faces": {
        "north": { "uv": [ 3.5, 6, 4, 9.5 ], "texture": "#texture" },
        "south": { "uv": [ 12, 6, 12.5, 9.5 ], "texture": "#texture" },
        "west":  { "uv": [ 1, 6, 2, 9.5 ], "texture": "#texture" },
        "east":  { "uv": [ 14, 6, 15, 9.5 ], "texture": "#texture" }
    }
},
{
    "__comment": "Pin2",
    "from": [ 16.5, 6.5, 1 ],
    "to": [ 17, 10, 2 ],
    "faces": {
        "north": { "uv": [ 0, 6, 0, 9.5 ], "texture": "#texture" },
        "south": { "uv": [ 16, 6, 16, 9.5 ], "texture": "#texture" },
        "west":  { "uv": [ 1, 6, 2, 9.5 ], "texture": "#texture" },
        "east":  { "uv": [ 14, 6, 15, 9.5 ], "texture": "#texture" }
    }
},
{
    "__comment": "Pin2",
    "from": [ 14, 6.5, -1 ],
    "to": [ 15, 10, -0.5 ],
    "faces": {
        "north": { "uv": [ 1, 6, 2, 9.5 ], "texture": "#texture" },
        "south": { "uv": [ 14, 6, 15, 9.5 ], "texture": "#texture" },
        "west":  { "uv": [ 0, 6, 0, 9.5 ], "texture": "#texture" },
        "east":  { "uv": [ 16, 6, 16, 9.5 ], "texture": "#texture" }
    }
},
{
    "__comment": "Pin2",
    "from": [ 14, 6.5, 3.5 ],
    "to": [ 15, 10, 4 ],
    "faces": {
        "north": { "uv": [ 1, 6, 2, 9.5 ], "texture": "#texture" },
        "south": { "uv": [ 14, 6, 15, 9.5 ], "texture": "#texture" },
        "west":  { "uv": [ 3.5, 6, 4, 9.5 ], "texture": "#texture" },
        "east":  { "uv": [ 12, 6, 12.5, 9.5 ], "texture": "#texture" }
    }
},
{
    "__comment": "Pin1",
    "from": [ 5, 5.5, -13 ],
    "to": [ 6, 6.5, -8 ],
    "faces": {
        "down":  { "uv": [ 11, 0, 10, 0 ], "texture": "#texture" },
        "up":    { "uv": [ 5, 0, 6, 0 ], "texture": "#texture" },
        "north": { "uv": [ 10, 9.5, 11, 10.5 ], "texture": "#texture" },
        "south": { "uv": [ 5, 9.5, 6, 10.5 ], "texture": "#texture" },
        "west":  { "uv": [ 0, 9.5, 0, 10.5 ], "texture": "#texture" },
        "east":  { "uv": [ 16, 9.5, 16, 10.5 ], "texture": "#texture" }
    }
},
{
    "__comment": "Pin1",
    "from": [ 5.5, 5.5, -13.5 ],
    "to": [ 10.5, 6.5, -12.5 ],
    "faces": {
        "down":  { "uv": [ 10.5, 0, 5.5, 0 ], "texture": "#texture" },
        "up":    { "uv": [ 5.5, 0, 10.5, 0 ], "texture": "#texture" },
        "north": { "uv": [ 5.5, 9.5, 10.5, 10.5 ], "texture": "#texture" },
        "south": { "uv": [ 5.5, 9.5, 10.5, 10.5 ], "texture": "#texture" },
        "west":  { "uv": [ 0, 9.5, 0, 10.5 ], "texture": "#texture" },
        "east":  { "uv": [ 16, 9.5, 16, 10.5 ], "texture": "#texture" }
    }
},
{
    "__comment": "Pin1",
    "from": [ 5.5, 5.5, -8.5 ],
    "to": [ 10.5, 6.5, -7.5 ],
    "faces": {
        "down":  { "uv": [ 10.5, 0, 5.5, 0 ], "texture": "#texture" },
        "up":    { "uv": [ 5.5, 0, 10.5, 0 ], "texture": "#texture" },
        "north": { "uv": [ 5.5, 9.5, 10.5, 10.5 ], "texture": "#texture" },
        "south": { "uv": [ 5.5, 9.5, 10.5, 10.5 ], "texture": "#texture" },
        "west":  { "uv": [ 0, 9.5, 0, 10.5 ], "texture": "#texture" },
        "east":  { "uv": [ 16, 9.5, 16, 10.5 ], "texture": "#texture" }
    }
},
{
    "__comment": "Pin1",
    "from": [ 10, 5.5, -13 ],
    "to": [ 11, 6.5, -8 ],
    "faces": {
        "down":  { "uv": [ 6, 0, 5, 0 ], "texture": "#texture" },
        "up":    { "uv": [ 10, 0, 11, 0 ], "texture": "#texture" },
        "north": { "uv": [ 5, 9.5, 6, 10.5 ], "texture": "#texture" },
        "south": { "uv": [ 10, 9.5, 11, 10.5 ], "texture": "#texture" },
        "west":  { "uv": [ 0, 9.5, 0, 10.5 ], "texture": "#texture" },
        "east":  { "uv": [ 16, 9.5, 16, 10.5 ], "texture": "#texture" }
    }
},
{
    "__comment": "Pin1",
    "from": [ 5, 10, -13 ],
    "to": [ 6, 11, -8 ],
    "faces": {
        "down":  { "uv": [ 11, 0, 10, 0 ], "texture": "#texture" },
        "up":    { "uv": [ 5, 0, 6, 0 ], "texture": "#texture" },
        "north": { "uv": [ 10, 5, 11, 6 ], "texture": "#texture" },
        "south": { "uv": [ 5, 5, 6, 6 ], "texture": "#texture" },
        "west":  { "uv": [ 0, 5, 0, 6 ], "texture": "#texture" },
        "east":  { "uv": [ 16, 5, 16, 6 ], "texture": "#texture" }
    }
},
{
    "__comment": "Pin1",
    "from": [ 5.5, 10, -13.5 ],
    "to": [ 10.5, 11, -12.5 ],
    "faces": {
        "down":  { "uv": [ 10.5, 0, 5.5, 0 ], "texture": "#texture" },
        "up":    { "uv": [ 5.5, 0, 10.5, 0 ], "texture": "#texture" },
        "north": { "uv": [ 5.5, 5, 10.5, 6 ], "texture": "#texture" },
        "south": { "uv": [ 5.5, 5, 10.5, 6 ], "texture": "#texture" },
        "west":  { "uv": [ 0, 5, 0, 6 ], "texture": "#texture" },
        "east":  { "uv": [ 16, 5, 16, 6 ], "texture": "#texture" }
    }
},
{
    "__comment": "Pin1",
    "from": [ 5.5, 10, -8.5 ],
    "to": [ 10.5, 11, -7.5 ],
    "faces": {
        "down":  { "uv": [ 10.5, 0, 5.5, 0 ], "texture": "#texture" },
        "up":    { "uv": [ 5.5, 0, 10.5, 0 ], "texture": "#texture" },
        "north": { "uv": [ 5.5, 5, 10.5, 6 ], "texture": "#texture" },
        "south": { "uv": [ 5.5, 5, 10.5, 6 ], "texture": "#texture" },
        "west":  { "uv": [ 0, 5, 0, 6 ], "texture": "#texture" },
        "east":  { "uv": [ 16, 5, 16, 6 ], "texture": "#texture" }
    }
},
{
    "__comment": "Pin1",
    "from": [ 10, 10, -13 ],
    "to": [ 11, 11, -8 ],
    "faces": {
        "down":  { "uv": [ 6, 0, 5, 0 ], "texture": "#texture" },
        "up":    { "uv": [ 10, 0, 11, 0 ], "texture": "#texture" },
        "north": { "uv": [ 5, 5, 6, 6 ], "texture": "#texture" },
        "south": { "uv": [ 10, 5, 11, 6 ], "texture": "#texture" },
        "west":  { "uv": [ 0, 5, 0, 6 ], "texture": "#texture" },
        "east":  { "uv": [ 16, 5, 16, 6 ], "texture": "#texture" }
    }
},
{
    "__comment": "Pin1",
    "from": [ 5.5, 6.5, -11 ],
    "to": [ 6, 10, -10 ],
    "faces": {
        "north": { "uv": [ 10, 6, 10.5, 9.5 ], "texture": "#texture" },
        "south": { "uv": [ 5.5, 6, 6, 9.5 ], "texture": "#texture" },
        "west":  { "uv": [ 0, 6, 0, 9.5 ], "texture": "#texture" },
        "east":  { "uv": [ 16, 6, 16, 9.5 ], "texture": "#texture" }
    }
},
{
    "__comment": "Pin1",
    "from": [ 10, 6.5, -11 ],
    "to": [ 10.5, 10, -10 ],
    "faces": {
        "north": { "uv": [ 5.5, 6, 6, 9.5 ], "texture": "#texture" },
        "south": { "uv": [ 10, 6, 10.5, 9.5 ], "texture": "#texture" },
        "west":  { "uv": [ 0, 6, 0, 9.5 ], "texture": "#texture" },
        "east":  { "uv": [ 16, 6, 16, 9.5 ], "texture": "#texture" }
    }
},
{
    "__comment": "Pin1",
    "from": [ 7.5, 6.5, -13 ],
    "to": [ 8.5, 10, -12.5 ],
    "faces": {
        "north": { "uv": [ 7.5, 6, 8.5, 9.5 ], "texture": "#texture" },
        "south": { "uv": [ 7.5, 6, 8.5, 9.5 ], "texture": "#texture" },
        "west":  { "uv": [ 0, 6, 0, 9.5 ], "texture": "#texture" },
        "east":  { "uv": [ 16, 6, 16, 9.5 ], "texture": "#texture" }
    }
},
{
    "__comment": "Pin1",
    "from": [ 7.5, 6.5, -8.5 ],
    "to": [ 8.5, 10, -8 ],
    "faces": {
        "north": { "uv": [ 7.5, 6, 8.5, 9.5 ], "texture": "#texture" },
        "south": { "uv": [ 7.5, 6, 8.5, 9.5 ], "texture": "#texture" },
        "west":  { "uv": [ 0, 6, 0, 9.5 ], "texture": "#texture" },
        "east":  { "uv": [ 16, 6, 16, 9.5 ], "texture": "#texture" }
    }
},
{
    "__comment": "Pin3",
    "from": [ -1.5, 5.5, -1 ],
    "to": [ -0.5, 6.5, 4 ],
    "faces": {
        "down":  { "uv": [ 16, 4, 16, 0 ], "texture": "#texture" },
        "up":    { "uv": [ 0, 0, 0, 4 ], "texture": "#texture" },
        "north": { "uv": [ 16, 9.5, 16, 10.5 ], "texture": "#texture" },
        "south": { "uv": [ 0, 9.5, 0, 10.5 ], "texture": "#texture" },
        "west":  { "uv": [ 0, 9.5, 4, 10.5 ], "texture": "#texture" },
        "east":  { "uv": [ 12, 9.5, 16, 10.5 ], "texture": "#texture" }
    }
},
{
    "__comment": "Pin3",
    "from": [ -1, 5.5, -1.5 ],
    "to": [ 4, 6.5, -0.5 ],
    "faces": {
        "down":  { "uv": [ 16, 0, 12, 0 ], "texture": "#texture" },
        "up":    { "uv": [ 0, 0, 4, 0 ], "texture": "#texture" },
        "north": { "uv": [ 12, 9.5, 16, 10.5 ], "texture": "#texture" },
        "south": { "uv": [ 0, 9.5, 4, 10.5 ], "texture": "#texture" },
        "west":  { "uv": [ 0, 9.5, 0, 10.5 ], "texture": "#texture" },
        "east":  { "uv": [ 16, 9.5, 16, 10.5 ], "texture": "#texture" }
    }
},
{
    "__comment": "Pin3",
    "from": [ -1, 5.5, 3.5 ],
    "to": [ 4, 6.5, 4.5 ],
    "faces": {
        "down":  { "uv": [ 16, 4.5, 12, 3.5 ], "texture": "#texture" },
        "up":    { "uv": [ 0, 3.5, 4, 4.5 ], "texture": "#texture" },
        "north": { "uv": [ 12, 9.5, 16, 10.5 ], "texture": "#texture" },
        "south": { "uv": [ 0, 9.5, 4, 10.5 ], "texture": "#texture" },
        "west":  { "uv": [ 3.5, 9.5, 4.5, 10.5 ], "texture": "#texture" },
        "east":  { "uv": [ 11.5, 9.5, 12.5, 10.5 ], "texture": "#texture" }
    }
},
{
    "__comment": "Pin3",
    "from": [ 3.5, 5.5, -1 ],
    "to": [ 4.5, 6.5, 4 ],
    "faces": {
        "down":  { "uv": [ 12.5, 4, 11.5, 0 ], "texture": "#texture" },
        "up":    { "uv": [ 3.5, 0, 4.5, 4 ], "texture": "#texture" },
        "north": { "uv": [ 11.5, 9.5, 12.5, 10.5 ], "texture": "#texture" },
        "south": { "uv": [ 3.5, 9.5, 4.5, 10.5 ], "texture": "#texture" },
        "west":  { "uv": [ 0, 9.5, 4, 10.5 ], "texture": "#texture" },
        "east":  { "uv": [ 12, 9.5, 16, 10.5 ], "texture": "#texture" }
    }
},
{
    "__comment": "Pin3",
    "from": [ -1.5, 10, -1 ],
    "to": [ -0.5, 11, 4 ],
    "faces": {
        "down":  { "uv": [ 16, 4, 16, 0 ], "texture": "#texture" },
        "up":    { "uv": [ 0, 0, 0, 4 ], "texture": "#texture" },
        "north": { "uv": [ 16, 5, 16, 6 ], "texture": "#texture" },
        "south": { "uv": [ 0, 5, 0, 6 ], "texture": "#texture" },
        "west":  { "uv": [ 0, 5, 4, 6 ], "texture": "#texture" },
        "east":  { "uv": [ 12, 5, 16, 6 ], "texture": "#texture" }
    }
},
{
    "__comment": "Pin3",
    "from": [ -1, 10, -1.5 ],
    "to": [ 4, 11, -0.5 ],
    "faces": {
        "down":  { "uv": [ 16, 0, 12, 0 ], "texture": "#texture" },
        "up":    { "uv": [ 0, 0, 4, 0 ], "texture": "#texture" },
        "north": { "uv": [ 12, 5, 16, 6 ], "texture": "#texture" },
        "south": { "uv": [ 0, 5, 4, 6 ], "texture": "#texture" },
        "west":  { "uv": [ 0, 5, 0, 6 ], "texture": "#texture" },
        "east":  { "uv": [ 16, 5, 16, 6 ], "texture": "#texture" }
    }
},
{
    "__comment": "Pin3",
    "from": [ -1, 10, 3.5 ],
    "to": [ 4, 11, 4.5 ],
    "faces": {
        "down":  { "uv": [ 16, 4.5, 12, 3.5 ], "texture": "#texture" },
        "up":    { "uv": [ 0, 3.5, 4, 4.5 ], "texture": "#texture" },
        "north": { "uv": [ 12, 5, 16, 6 ], "texture": "#texture" },
        "south": { "uv": [ 0, 5, 4, 6 ], "texture": "#texture" },
        "west":  { "uv": [ 3.5, 5, 4.5, 6 ], "texture": "#texture" },
        "east":  { "uv": [ 11.5, 5, 12.5, 6 ], "texture": "#texture" }
    }
},
{
    "__comment": "Pin3",
    "from": [ 3.5, 10, -1 ],
    "to": [ 4.5, 11, 4 ],
    "faces": {
        "down":  { "uv": [ 12.5, 4, 11.5, 0 ], "texture": "#texture" },
        "up":    { "uv": [ 3.5, 0, 4.5, 4 ], "texture": "#texture" },
        "north": { "uv": [ 11.5, 5, 12.5, 6 ], "texture": "#texture" },
        "south": { "uv": [ 3.5, 5, 4.5, 6 ], "texture": "#texture" },
        "west":  { "uv": [ 0, 5, 4, 6 ], "texture": "#texture" },
        "east":  { "uv": [ 12, 5, 16, 6 ], "texture": "#texture" }
    }
},
{
    "__comment": "Pin3",
    "from": [ -1, 6.5, 1 ],
    "to": [ -0.5, 10, 2 ],
    "faces": {
        "north": { "uv": [ 16, 6, 16, 9.5 ], "texture": "#texture" },
        "south": { "uv": [ 0, 6, 0, 9.5 ], "texture": "#texture" },
        "west":  { "uv": [ 1, 6, 2, 9.5 ], "texture": "#texture" },
        "east":  { "uv": [ 14, 6, 15, 9.5 ], "texture": "#texture" }
    }
},
{
    "__comment": "Pin3",
    "from": [ 3.5, 6.5, 1 ],
    "to": [ 4, 10, 2 ],
    "faces": {
        "north": { "uv": [ 12, 6, 12.5, 9.5 ], "texture": "#texture" },
        "south": { "uv": [ 3.5, 6, 4, 9.5 ], "texture": "#texture" },
        "west":  { "uv": [ 1, 6, 2, 9.5 ], "texture": "#texture" },
        "east":  { "uv": [ 14, 6, 15, 9.5 ], "texture": "#texture" }
    }
},
{
    "__comment": "Pin3",
    "from": [ 1, 6.5, -1 ],
    "to": [ 2, 10, -0.5 ],
    "faces": {
        "north": { "uv": [ 14, 6, 15, 9.5 ], "texture": "#texture" },
        "south": { "uv": [ 1, 6, 2, 9.5 ], "texture": "#texture" },
        "west":  { "uv": [ 0, 6, 0, 9.5 ], "texture": "#texture" },
        "east":  { "uv": [ 16, 6, 16, 9.5 ], "texture": "#texture" }
    }
},
{
    "__comment": "Pin3",
    "from": [ 1, 6.5, 3.5 ],
    "to": [ 2, 10, 4 ],
    "faces": {
        "north": { "uv": [ 14, 6, 15, 9.5 ], "texture": "#texture" },
        "south": { "uv": [ 1, 6, 2, 9.5 ], "texture": "#texture" },
        "west":  { "uv": [ 3.5, 6, 4, 9.5 ], "texture": "#texture" },
        "east":  { "uv": [ 12, 6, 12.5, 9.5 ], "texture": "#texture" }
    }
},
{
    "__comment": "Pin8",
    "from": [ 11.5, 5.5, 22.5 ],
    "to": [ 12.5, 6.5, 27.5 ],
    "faces": {
        "down":  { "uv": [ 4.5, 16, 3.5, 16 ], "texture": "#texture" },
        "up":    { "uv": [ 11.5, 16, 12.5, 16 ], "texture": "#texture" },
        "north": { "uv": [ 3.5, 9.5, 4.5, 10.5 ], "texture": "#texture" },
        "south": { "uv": [ 11.5, 9.5, 12.5, 10.5 ], "texture": "#texture" },
        "west":  { "uv": [ 16, 9.5, 16, 10.5 ], "texture": "#texture" },
        "east":  { "uv": [ 0, 9.5, 0, 10.5 ], "texture": "#texture" }
    }
},
{
    "__comment": "Pin8",
    "from": [ 12, 5.5, 22 ],
    "to": [ 17, 6.5, 23 ],
    "faces": {
        "down":  { "uv": [ 4, 16, 0, 16 ], "texture": "#texture" },
        "up":    { "uv": [ 12, 16, 16, 16 ], "texture": "#texture" },
        "north": { "uv": [ 0, 9.5, 4, 10.5 ], "texture": "#texture" },
        "south": { "uv": [ 12, 9.5, 16, 10.5 ], "texture": "#texture" },
        "west":  { "uv": [ 16, 9.5, 16, 10.5 ], "texture": "#texture" },
        "east":  { "uv": [ 0, 9.5, 0, 10.5 ], "texture": "#texture" }
    }
},
{
    "__comment": "Pin8",
    "from": [ 12, 5.5, 27 ],
    "to": [ 17, 6.5, 28 ],
    "faces": {
        "down":  { "uv": [ 4, 16, 0, 16 ], "texture": "#texture" },
        "up":    { "uv": [ 12, 16, 16, 16 ], "texture": "#texture" },
        "north": { "uv": [ 0, 9.5, 4, 10.5 ], "texture": "#texture" },
        "south": { "uv": [ 12, 9.5, 16, 10.5 ], "texture": "#texture" },
        "west":  { "uv": [ 16, 9.5, 16, 10.5 ], "texture": "#texture" },
        "east":  { "uv": [ 0, 9.5, 0, 10.5 ], "texture": "#texture" }
    }
},
{
    "__comment": "Pin8",
    "from": [ 16.5, 5.5, 22.5 ],
    "to": [ 17.5, 6.5, 27.5 ],
    "faces": {
        "down":  { "uv": [ 0, 16, 0, 16 ], "texture": "#texture" },
        "up":    { "uv": [ 16, 16, 16, 16 ], "texture": "#texture" },
        "north": { "uv": [ 0, 9.5, 0, 10.5 ], "texture": "#texture" },
        "south": { "uv": [ 16, 9.5, 16, 10.5 ], "texture": "#texture" },
        "west":  { "uv": [ 16, 9.5, 16, 10.5 ], "texture": "#texture" },
        "east":  { "uv": [ 0, 9.5, 0, 10.5 ], "texture": "#texture" }
    }
},
{
    "__comment": "Pin8",
    "from": [ 11.5, 10, 22.5 ],
    "to": [ 12.5, 11, 27.5 ],
    "faces": {
        "down":  { "uv": [ 4.5, 16, 3.5, 16 ], "texture": "#texture" },
        "up":    { "uv": [ 11.5, 16, 12.5, 16 ], "texture": "#texture" },
        "north": { "uv": [ 3.5, 5, 4.5, 6 ], "texture": "#texture" },
        "south": { "uv": [ 11.5, 5, 12.5, 6 ], "texture": "#texture" },
        "west":  { "uv": [ 16, 5, 16, 6 ], "texture": "#texture" },
        "east":  { "uv": [ 0, 5, 0, 6 ], "texture": "#texture" }
    }
},
{
    "__comment": "Pin8",
    "from": [ 12, 10, 22 ],
    "to": [ 17, 11, 23 ],
    "faces": {
        "down":  { "uv": [ 4, 16, 0, 16 ], "texture": "#texture" },
        "up":    { "uv": [ 12, 16, 16, 16 ], "texture": "#texture" },
        "north": { "uv": [ 0, 5, 4, 6 ], "texture": "#texture" },
        "south": { "uv": [ 12, 5, 16, 6 ], "texture": "#texture" },
        "west":  { "uv": [ 16, 5, 16, 6 ], "texture": "#texture" },
        "east":  { "uv": [ 0, 5, 0, 6 ], "texture": "#texture" }
    }
},
{
    "__comment": "Pin8",
    "from": [ 12, 10, 27 ],
    "to": [ 17, 11, 28 ],
    "faces": {
        "down":  { "uv": [ 4, 16, 0, 16 ], "texture": "#texture" },
        "up":    { "uv": [ 12, 16, 16, 16 ], "texture": "#texture" },
        "north": { "uv": [ 0, 5, 4, 6 ], "texture": "#texture" },
        "south": { "uv": [ 12, 5, 16, 6 ], "texture": "#texture" },
        "west":  { "uv": [ 16, 5, 16, 6 ], "texture": "#texture" },
        "east":  { "uv": [ 0, 5, 0, 6 ], "texture": "#texture" }
    }
},
{
    "__comment": "Pin8",
    "from": [ 16.5, 10, 22.5 ],
    "to": [ 17.5, 11, 27.5 ],
    "faces": {
        "down":  { "uv": [ 0, 16, 0, 16 ], "texture": "#texture" },
        "up":    { "uv": [ 16, 16, 16, 16 ], "texture": "#texture" },
        "north": { "uv": [ 0, 5, 0, 6 ], "texture": "#texture" },
        "south": { "uv": [ 16, 5, 16, 6 ], "texture": "#texture" },
        "west":  { "uv": [ 16, 5, 16, 6 ], "texture": "#texture" },
        "east":  { "uv": [ 0, 5, 0, 6 ], "texture": "#texture" }
    }
},
{
    "__comment": "Pin8",
    "from": [ 12, 6.5, 24.5 ],
    "to": [ 12.5, 10, 25.5 ],
    "faces": {
        "north": { "uv": [ 3.5, 6, 4, 9.5 ], "texture": "#texture" },
        "south": { "uv": [ 12, 6, 12.5, 9.5 ], "texture": "#texture" },
        "west":  { "uv": [ 16, 6, 16, 9.5 ], "texture": "#texture" },
        "east":  { "uv": [ 0, 6, 0, 9.5 ], "texture": "#texture" }
    }
},
{
    "__comment": "Pin8",
    "from": [ 16.5, 6.5, 24.5 ],
    "to": [ 17, 10, 25.5 ],
    "faces": {
        "north": { "uv": [ 0, 6, 0, 9.5 ], "texture": "#texture" },
        "south": { "uv": [ 16, 6, 16, 9.5 ], "texture": "#texture" },
        "west":  { "uv": [ 16, 6, 16, 9.5 ], "texture": "#texture" },
        "east":  { "uv": [ 0, 6, 0, 9.5 ], "texture": "#texture" }
    }
},
{
    "__comment": "Pin8",
    "from": [ 14, 6.5, 22.5 ],
    "to": [ 15, 10, 23 ],
    "faces": {
        "north": { "uv": [ 1, 6, 2, 9.5 ], "texture": "#texture" },
        "south": { "uv": [ 14, 6, 15, 9.5 ], "texture": "#texture" },
        "west":  { "uv": [ 16, 6, 16, 9.5 ], "texture": "#texture" },
        "east":  { "uv": [ 0, 6, 0, 9.5 ], "texture": "#texture" }
    }
},
{
    "__comment": "Pin8",
    "from": [ 14, 6.5, 27 ],
    "to": [ 15, 10, 27.5 ],
    "faces": {
        "north": { "uv": [ 1, 6, 2, 9.5 ], "texture": "#texture" },
        "south": { "uv": [ 14, 6, 15, 9.5 ], "texture": "#texture" },
        "west":  { "uv": [ 16, 6, 16, 9.5 ], "texture": "#texture" },
        "east":  { "uv": [ 0, 6, 0, 9.5 ], "texture": "#texture" }
    }
},
{
    "__comment": "Pin7",
    "from": [ 24.5, 5.5, 22.5 ],
    "to": [ 25.5, 6.5, 27.5 ],
    "faces": {
        "down":  { "uv": [ 0, 16, 0, 16 ], "texture": "#texture" },
        "up":    { "uv": [ 16, 16, 16, 16 ], "texture": "#texture" },
        "north": { "uv": [ 0, 9.5, 0, 10.5 ], "texture": "#texture" },
        "south": { "uv": [ 16, 9.5, 16, 10.5 ], "texture": "#texture" },
        "west":  { "uv": [ 16, 9.5, 16, 10.5 ], "texture": "#texture" },
        "east":  { "uv": [ 0, 9.5, 0, 10.5 ], "texture": "#texture" }
    }
},
{
    "__comment": "Pin7",
    "from": [ 25, 5.5, 22 ],
    "to": [ 30, 6.5, 23 ],
    "faces": {
        "down":  { "uv": [ 0, 16, 0, 16 ], "texture": "#texture" },
        "up":    { "uv": [ 16, 16, 16, 16 ], "texture": "#texture" },
        "north": { "uv": [ 0, 9.5, 0, 10.5 ], "texture": "#texture" },
        "south": { "uv": [ 16, 9.5, 16, 10.5 ], "texture": "#texture" },
        "west":  { "uv": [ 16, 9.5, 16, 10.5 ], "texture": "#texture" },
        "east":  { "uv": [ 0, 9.5, 0, 10.5 ], "texture": "#texture" }
    }
},
{
    "__comment": "Pin7",
    "from": [ 25, 5.5, 27 ],
    "to": [ 30, 6.5, 28 ],
    "faces": {
        "down":  { "uv": [ 0, 16, 0, 16 ], "texture": "#texture" },
        "up":    { "uv": [ 16, 16, 16, 16 ], "texture": "#texture" },
        "north": { "uv": [ 0, 9.5, 0, 10.5 ], "texture": "#texture" },
        "south": { "uv": [ 16, 9.5, 16, 10.5 ], "texture": "#texture" },
        "west":  { "uv": [ 16, 9.5, 16, 10.5 ], "texture": "#texture" },
        "east":  { "uv": [ 0, 9.5, 0, 10.5 ], "texture": "#texture" }
    }
},
{
    "__comment": "Pin7",
    "from": [ 29.5, 5.5, 22.5 ],
    "to": [ 30.5, 6.5, 27.5 ],
    "faces": {
        "down":  { "uv": [ 0, 16, 0, 16 ], "texture": "#texture" },
        "up":    { "uv": [ 16, 16, 16, 16 ], "texture": "#texture" },
        "north": { "uv": [ 0, 9.5, 0, 10.5 ], "texture": "#texture" },
        "south": { "uv": [ 16, 9.5, 16, 10.5 ], "texture": "#texture" },
        "west":  { "uv": [ 16, 9.5, 16, 10.5 ], "texture": "#texture" },
        "east":  { "uv": [ 0, 9.5, 0, 10.5 ], "texture": "#texture" }
    }
},
{
    "__comment": "Pin7",
    "from": [ 24.5, 10, 22.5 ],
    "to": [ 25.5, 11, 27.5 ],
    "faces": {
        "down":  { "uv": [ 0, 16, 0, 16 ], "texture": "#texture" },
        "up":    { "uv": [ 16, 16, 16, 16 ], "texture": "#texture" },
        "north": { "uv": [ 0, 5, 0, 6 ], "texture": "#texture" },
        "south": { "uv": [ 16, 5, 16, 6 ], "texture": "#texture" },
        "west":  { "uv": [ 16, 5, 16, 6 ], "texture": "#texture" },
        "east":  { "uv": [ 0, 5, 0, 6 ], "texture": "#texture" }
    }
},
{
    "__comment": "Pin7",
    "from": [ 25, 10, 22 ],
    "to": [ 30, 11, 23 ],
    "faces": {
        "down":  { "uv": [ 0, 16, 0, 16 ], "texture": "#texture" },
        "up":    { "uv": [ 16, 16, 16, 16 ], "texture": "#texture" },
        "north": { "uv": [ 0, 5, 0, 6 ], "texture": "#texture" },
        "south": { "uv": [ 16, 5, 16, 6 ], "texture": "#texture" },
        "west":  { "uv": [ 16, 5, 16, 6 ], "texture": "#texture" },
        "east":  { "uv": [ 0, 5, 0, 6 ], "texture": "#texture" }
    }
},
{
    "__comment": "Pin7",
    "from": [ 25, 10, 27 ],
    "to": [ 30, 11, 28 ],
    "faces": {
        "down":  { "uv": [ 0, 16, 0, 16 ], "texture": "#texture" },
        "up":    { "uv": [ 16, 16, 16, 16 ], "texture": "#texture" },
        "north": { "uv": [ 0, 5, 0, 6 ], "texture": "#texture" },
        "south": { "uv": [ 16, 5, 16, 6 ], "texture": "#texture" },
        "west":  { "uv": [ 16, 5, 16, 6 ], "texture": "#texture" },
        "east":  { "uv": [ 0, 5, 0, 6 ], "texture": "#texture" }
    }
},
{
    "__comment": "Pin7",
    "from": [ 29.5, 10, 22.5 ],
    "to": [ 30.5, 11, 27.5 ],
    "faces": {
        "down":  { "uv": [ 0, 16, 0, 16 ], "texture": "#texture" },
        "up":    { "uv": [ 16, 16, 16, 16 ], "texture": "#texture" },
        "north": { "uv": [ 0, 5, 0, 6 ], "texture": "#texture" },
        "south": { "uv": [ 16, 5, 16, 6 ], "texture": "#texture" },
        "west":  { "uv": [ 16, 5, 16, 6 ], "texture": "#texture" },
        "east":  { "uv": [ 0, 5, 0, 6 ], "texture": "#texture" }
    }
},
{
    "__comment": "Pin7",
    "from": [ 25, 6.5, 24.5 ],
    "to": [ 25.5, 10, 25.5 ],
    "faces": {
        "north": { "uv": [ 0, 6, 0, 9.5 ], "texture": "#texture" },
        "south": { "uv": [ 16, 6, 16, 9.5 ], "texture": "#texture" },
        "west":  { "uv": [ 16, 6, 16, 9.5 ], "texture": "#texture" },
        "east":  { "uv": [ 0, 6, 0, 9.5 ], "texture": "#texture" }
    }
},
{
    "__comment": "Pin7",
    "from": [ 29.5, 6.5, 24.5 ],
    "to": [ 30, 10, 25.5 ],
    "faces": {
        "north": { "uv": [ 0, 6, 0, 9.5 ], "texture": "#texture" },
        "south": { "uv": [ 16, 6, 16, 9.5 ], "texture": "#texture" },
        "west":  { "uv": [ 16, 6, 16, 9.5 ], "texture": "#texture" },
        "east":  { "uv": [ 0, 6, 0, 9.5 ], "texture": "#texture" }
    }
},
{
    "__comment": "Pin7",
    "from": [ 27, 6.5, 22.5 ],
    "to": [ 28, 10, 23 ],
    "faces": {
        "north": { "uv": [ 0, 6, 0, 9.5 ], "texture": "#texture" },
        "south": { "uv": [ 16, 6, 16, 9.5 ], "texture": "#texture" },
        "west":  { "uv": [ 16, 6, 16, 9.5 ], "texture": "#texture" },
        "east":  { "uv": [ 0, 6, 0, 9.5 ], "texture": "#texture" }
    }
},
{
    "__comment": "Pin7",
    "from": [ 27, 6.5, 27 ],
    "to": [ 28, 10, 27.5 ],
    "faces": {
        "north": { "uv": [ 0, 6, 0, 9.5 ], "texture": "#texture" },
        "south": { "uv": [ 16, 6, 16, 9.5 ], "texture": "#texture" },
        "west":  { "uv": [ 16, 6, 16, 9.5 ], "texture": "#texture" },
        "east":  { "uv": [ 0, 6, 0, 9.5 ], "texture": "#texture" }
    }
},
{
    "__comment": "Pin9",
    "from": [ -1.5, 5.5, 22.5 ],
    "to": [ -0.5, 6.5, 27.5 ],
    "faces": {
        "down":  { "uv": [ 16, 16, 16, 16 ], "texture": "#texture" },
        "up":    { "uv": [ 0, 16, 0, 16 ], "texture": "#texture" },
        "north": { "uv": [ 16, 9.5, 16, 10.5 ], "texture": "#texture" },
        "south": { "uv": [ 0, 9.5, 0, 10.5 ], "texture": "#texture" },
        "west":  { "uv": [ 16, 9.5, 16, 10.5 ], "texture": "#texture" },
        "east":  { "uv": [ 0, 9.5, 0, 10.5 ], "texture": "#texture" }
    }
},
{
    "__comment": "Pin9",
    "from": [ -1, 5.5, 22 ],
    "to": [ 4, 6.5, 23 ],
    "faces": {
        "down":  { "uv": [ 16, 16, 12, 16 ], "texture": "#texture" },
        "up":    { "uv": [ 0, 16, 4, 16 ], "texture": "#texture" },
        "north": { "uv": [ 12, 9.5, 16, 10.5 ], "texture": "#texture" },
        "south": { "uv": [ 0, 9.5, 4, 10.5 ], "texture": "#texture" },
        "west":  { "uv": [ 16, 9.5, 16, 10.5 ], "texture": "#texture" },
        "east":  { "uv": [ 0, 9.5, 0, 10.5 ], "texture": "#texture" }
    }
},
{
    "__comment": "Pin9",
    "from": [ -1, 5.5, 27 ],
    "to": [ 4, 6.5, 28 ],
    "faces": {
        "down":  { "uv": [ 16, 16, 12, 16 ], "texture": "#texture" },
        "up":    { "uv": [ 0, 16, 4, 16 ], "texture": "#texture" },
        "north": { "uv": [ 12, 9.5, 16, 10.5 ], "texture": "#texture" },
        "south": { "uv": [ 0, 9.5, 4, 10.5 ], "texture": "#texture" },
        "west":  { "uv": [ 16, 9.5, 16, 10.5 ], "texture": "#texture" },
        "east":  { "uv": [ 0, 9.5, 0, 10.5 ], "texture": "#texture" }
    }
},
{
    "__comment": "Pin9",
    "from": [ 3.5, 5.5, 22.5 ],
    "to": [ 4.5, 6.5, 27.5 ],
    "faces": {
        "down":  { "uv": [ 12.5, 16, 11.5, 16 ], "texture": "#texture" },
        "up":    { "uv": [ 3.5, 16, 4.5, 16 ], "texture": "#texture" },
        "north": { "uv": [ 11.5, 9.5, 12.5, 10.5 ], "texture": "#texture" },
        "south": { "uv": [ 3.5, 9.5, 4.5, 10.5 ], "texture": "#texture" },
        "west":  { "uv": [ 16, 9.5, 16, 10.5 ], "texture": "#texture" },
        "east":  { "uv": [ 0, 9.5, 0, 10.5 ], "texture": "#texture" }
    }
},
{
    "__comment": "Pin9",
    "from": [ -1.5, 10, 22.5 ],
    "to": [ -0.5, 11, 27.5 ],
    "faces": {
        "down":  { "uv": [ 16, 16, 16, 16 ], "texture": "#texture" },
        "up":    { "uv": [ 0, 16, 0, 16 ], "texture": "#texture" },
        "north": { "uv": [ 16, 5, 16, 6 ], "texture": "#texture" },
        "south": { "uv": [ 0, 5, 0, 6 ], "texture": "#texture" },
        "west":  { "uv": [ 16, 5, 16, 6 ], "texture": "#texture" },
        "east":  { "uv": [ 0, 5, 0, 6 ], "texture": "#texture" }
    }
},
{
    "__comment": "Pin9",
    "from": [ -1, 10, 22 ],
    "to": [ 4, 11, 23 ],
    "faces": {
        "down":  { "uv": [ 16, 16, 12, 16 ], "texture": "#texture" },
        "up":    { "uv": [ 0, 16, 4, 16 ], "texture": "#texture" },
        "north": { "uv": [ 12, 5, 16, 6 ], "texture": "#texture" },
        "south": { "uv": [ 0, 5, 4, 6 ], "texture": "#texture" },
        "west":  { "uv": [ 16, 5, 16, 6 ], "texture": "#texture" },
        "east":  { "uv": [ 0, 5, 0, 6 ], "texture": "#texture" }
    }
},
{
    "__comment": "Pin9",
    "from": [ -1, 10, 27 ],
    "to": [ 4, 11, 28 ],
    "faces": {
        "down":  { "uv": [ 16, 16, 12, 16 ], "texture": "#texture" },
        "up":    { "uv": [ 0, 16, 4, 16 ], "texture": "#texture" },
        "north": { "uv": [ 12, 5, 16, 6 ], "texture": "#texture" },
        "south": { "uv": [ 0, 5, 4, 6 ], "texture": "#texture" },
        "west":  { "uv": [ 16, 5, 16, 6 ], "texture": "#texture" },
        "east":  { "uv": [ 0, 5, 0, 6 ], "texture": "#texture" }
    }
},
{
    "__comment": "Pin9",
    "from": [ 3.5, 10, 22.5 ],
    "to": [ 4.5, 11, 27.5 ],
    "faces": {
        "down":  { "uv": [ 12.5, 16, 11.5, 16 ], "texture": "#texture" },
        "up":    { "uv": [ 3.5, 16, 4.5, 16 ], "texture": "#texture" },
        "north": { "uv": [ 11.5, 5, 12.5, 6 ], "texture": "#texture" },
        "south": { "uv": [ 3.5, 5, 4.5, 6 ], "texture": "#texture" },
        "west":  { "uv": [ 16, 5, 16, 6 ], "texture": "#texture" },
        "east":  { "uv": [ 0, 5, 0, 6 ], "texture": "#texture" }
    }
},
{
    "__comment": "Pin9",
    "from": [ -1, 6.5, 24.5 ],
    "to": [ -0.5, 10, 25.5 ],
    "faces": {
        "north": { "uv": [ 16, 6, 16, 9.5 ], "texture": "#texture" },
        "south": { "uv": [ 0, 6, 0, 9.5 ], "texture": "#texture" },
        "west":  { "uv": [ 16, 6, 16, 9.5 ], "texture": "#texture" },
        "east":  { "uv": [ 0, 6, 0, 9.5 ], "texture": "#texture" }
    }
},
{
    "__comment": "Pin9",
    "from": [ 3.5, 6.5, 24.5 ],
    "to": [ 4, 10, 25.5 ],
    "faces": {
        "north": { "uv": [ 12, 6, 12.5, 9.5 ], "texture": "#texture" },
        "south": { "uv": [ 3.5, 6, 4, 9.5 ], "texture": "#texture" },
        "west":  { "uv": [ 16, 6, 16, 9.5 ], "texture": "#texture" },
        "east":  { "uv": [ 0, 6, 0, 9.5 ], "texture": "#texture" }
    }
},
{
    "__comment": "Pin9",
    "from": [ 1, 6.5, 22.5 ],
    "to": [ 2, 10, 23 ],
    "faces": {
        "north": { "uv": [ 14, 6, 15, 9.5 ], "texture": "#texture" },
        "south": { "uv": [ 1, 6, 2, 9.5 ], "texture": "#texture" },
        "west":  { "uv": [ 16, 6, 16, 9.5 ], "texture": "#texture" },
        "east":  { "uv": [ 0, 6, 0, 9.5 ], "texture": "#texture" }
    }
},
{
    "__comment": "Pin9",
    "from": [ 1, 6.5, 27 ],
    "to": [ 2, 10, 27.5 ],
    "faces": {
        "north": { "uv": [ 14, 6, 15, 9.5 ], "texture": "#texture" },
        "south": { "uv": [ 1, 6, 2, 9.5 ], "texture": "#texture" },
        "west":  { "uv": [ 16, 6, 16, 9.5 ], "texture": "#texture" },
        "east":  { "uv": [ 0, 6, 0, 9.5 ], "texture": "#texture" }
    }
},
{
    "__comment": "Pin10",
    "from": [ -14.5, 5.5, 22.5 ],
    "to": [ -13.5, 6.5, 27.5 ],
    "faces": {
        "down":  { "uv": [ 16, 16, 16, 16 ], "texture": "#texture" },
        "up":    { "uv": [ 0, 16, 0, 16 ], "texture": "#texture" },
        "north": { "uv": [ 16, 9.5, 16, 10.5 ], "texture": "#texture" },
        "south": { "uv": [ 0, 9.5, 0, 10.5 ], "texture": "#texture" },
        "west":  { "uv": [ 16, 9.5, 16, 10.5 ], "texture": "#texture" },
        "east":  { "uv": [ 0, 9.5, 0, 10.5 ], "texture": "#texture" }
    }
},
{
    "__comment": "Pin10",
    "from": [ -14, 5.5, 22 ],
    "to": [ -9, 6.5, 23 ],
    "faces": {
        "down":  { "uv": [ 16, 16, 16, 16 ], "texture": "#texture" },
        "up":    { "uv": [ 0, 16, 0, 16 ], "texture": "#texture" },
        "north": { "uv": [ 16, 9.5, 16, 10.5 ], "texture": "#texture" },
        "south": { "uv": [ 0, 9.5, 0, 10.5 ], "texture": "#texture" },
        "west":  { "uv": [ 16, 9.5, 16, 10.5 ], "texture": "#texture" },
        "east":  { "uv": [ 0, 9.5, 0, 10.5 ], "texture": "#texture" }
    }
},
{
    "__comment": "Pin10",
    "from": [ -14, 5.5, 27 ],
    "to": [ -9, 6.5, 28 ],
    "faces": {
        "down":  { "uv": [ 16, 16, 16, 16 ], "texture": "#texture" },
        "up":    { "uv": [ 0, 16, 0, 16 ], "texture": "#texture" },
        "north": { "uv": [ 16, 9.5, 16, 10.5 ], "texture": "#texture" },
        "south": { "uv": [ 0, 9.5, 0, 10.5 ], "texture": "#texture" },
        "west":  { "uv": [ 16, 9.5, 16, 10.5 ], "texture": "#texture" },
        "east":  { "uv": [ 0, 9.5, 0, 10.5 ], "texture": "#texture" }
    }
},
{
    "__comment": "Pin10",
    "from": [ -9.5, 5.5, 22.5 ],
    "to": [ -8.5, 6.5, 27.5 ],
    "faces": {
        "down":  { "uv": [ 16, 16, 16, 16 ], "texture": "#texture" },
        "up":    { "uv": [ 0, 16, 0, 16 ], "texture": "#texture" },
        "north": { "uv": [ 16, 9.5, 16, 10.5 ], "texture": "#texture" },
        "south": { "uv": [ 0, 9.5, 0, 10.5 ], "texture": "#texture" },
        "west":  { "uv": [ 16, 9.5, 16, 10.5 ], "texture": "#texture" },
        "east":  { "uv": [ 0, 9.5, 0, 10.5 ], "texture": "#texture" }
    }
},
{
    "__comment": "Pin10",
    "from": [ -14.5, 10, 22.5 ],
    "to": [ -13.5, 11, 27.5 ],
    "faces": {
        "down":  { "uv": [ 16, 16, 16, 16 ], "texture": "#texture" },
        "up":    { "uv": [ 0, 16, 0, 16 ], "texture": "#texture" },
        "north": { "uv": [ 16, 5, 16, 6 ], "texture": "#texture" },
        "south": { "uv": [ 0, 5, 0, 6 ], "texture": "#texture" },
        "west":  { "uv": [ 16, 5, 16, 6 ], "texture": "#texture" },
        "east":  { "uv": [ 0, 5, 0, 6 ], "texture": "#texture" }
    }
},
{
    "__comment": "Pin10",
    "from": [ -14, 10, 22 ],
    "to": [ -9, 11, 23 ],
    "faces": {
        "down":  { "uv": [ 16, 16, 16, 16 ], "texture": "#texture" },
        "up":    { "uv": [ 0, 16, 0, 16 ], "texture": "#texture" },
        "north": { "uv": [ 16, 5, 16, 6 ], "texture": "#texture" },
        "south": { "uv": [ 0, 5, 0, 6 ], "texture": "#texture" },
        "west":  { "uv": [ 16, 5, 16, 6 ], "texture": "#texture" },
        "east":  { "uv": [ 0, 5, 0, 6 ], "texture": "#texture" }
    }
},
{
    "__comment": "Pin10",
    "from": [ -14, 10, 27 ],
    "to": [ -9, 11, 28 ],
    "faces": {
        "down":  { "uv": [ 16, 16, 16, 16 ], "texture": "#texture" },
        "up":    { "uv": [ 0, 16, 0, 16 ], "texture": "#texture" },
        "north": { "uv": [ 16, 5, 16, 6 ], "texture": "#texture" },
        "south": { "uv": [ 0, 5, 0, 6 ], "texture": "#texture" },
        "west":  { "uv": [ 16, 5, 16, 6 ], "texture": "#texture" },
        "east":  { "uv": [ 0, 5, 0, 6 ], "texture": "#texture" }
    }
},
{
    "__comment": "Pin10",
    "from": [ -9.5, 10, 22.5 ],
    "to": [ -8.5, 11, 27.5 ],
    "faces": {
        "down":  { "uv": [ 16, 16, 16, 16 ], "texture": "#texture" },
        "up":    { "uv": [ 0, 16, 0, 16 ], "texture": "#texture" },
        "north": { "uv": [ 16, 5, 16, 6 ], "texture": "#texture" },
        "south": { "uv": [ 0, 5, 0, 6 ], "texture": "#texture" },
        "west":  { "uv": [ 16, 5, 16, 6 ], "texture": "#texture" },
        "east":  { "uv": [ 0, 5, 0, 6 ], "texture": "#texture" }
    }
},
{
    "__comment": "Pin10",
    "from": [ -14, 6.5, 24.5 ],
    "to": [ -13.5, 10, 25.5 ],
    "faces": {
        "north": { "uv": [ 16, 6, 16, 9.5 ], "texture": "#texture" },
        "south": { "uv": [ 0, 6, 0, 9.5 ], "texture": "#texture" },
        "west":  { "uv": [ 16, 6, 16, 9.5 ], "texture": "#texture" },
        "east":  { "uv": [ 0, 6, 0, 9.5 ], "texture": "#texture" }
    }
},
{
    "__comment": "Pin10",
    "from": [ -9.5, 6.5, 24.5 ],
    "to": [ -9, 10, 25.5 ],
    "faces": {
        "north": { "uv": [ 16, 6, 16, 9.5 ], "texture": "#texture" },
        "south": { "uv": [ 0, 6, 0, 9.5 ], "texture": "#texture" },
        "west":  { "uv": [ 16, 6, 16, 9.5 ], "texture": "#texture" },
        "east":  { "uv": [ 0, 6, 0, 9.5 ], "texture": "#texture" }
    }
},
{
    "__comment": "Pin10",
    "from": [ -12, 6.5, 22.5 ],
    "to": [ -11, 10, 23 ],
    "faces": {
        "north": { "uv": [ 16, 6, 16, 9.5 ], "texture": "#texture" },
        "south": { "uv": [ 0, 6, 0, 9.5 ], "texture": "#texture" },
        "west":  { "uv": [ 16, 6, 16, 9.5 ], "texture": "#texture" },
        "east":  { "uv": [ 0, 6, 0, 9.5 ], "texture": "#texture" }
    }
},
{
    "__comment": "Pin10",
    "from": [ -12, 6.5, 27 ],
    "to": [ -11, 10, 27.5 ],
    "faces": {
        "north": { "uv": [ 16, 6, 16, 9.5 ], "texture": "#texture" },
        "south": { "uv": [ 0, 6, 0, 9.5 ], "texture": "#texture" },
        "west":  { "uv": [ 16, 6, 16, 9.5 ], "texture": "#texture" },
        "east":  { "uv": [ 0, 6, 0, 9.5 ], "texture": "#texture" }
    }
},
{
    "__comment": "Rod",
    "from": [ -11.5, 8, 27 ],
    "to": [ 27.5, 8.5, 28 ],
    "faces": {
        "down":  { "uv": [ 16, 16, 16, 4 ], "texture": "#texture" },
        "up":    { "uv": [ 0, 4, 0, 16 ], "texture": "#texture" },
        "north": { "uv": [ 16, 0, 16, 1 ], "texture": "#texture" },
        "south": { "uv": [ 0, 0, 0, 1 ], "texture": "#texture" },
        "west":  { "uv": [ 4, 0, 16, 1 ], "texture": "#texture" },
        "east":  { "uv": [ 0, 0, 12, 1 ], "texture": "#texture" }
    }
},
{
    "__comment": "Rod",
    "from": [ -5, 8, 15.5 ],
    "to": [ 21, 8.5, 16.5 ],
    "faces": {
        "down":  { "uv": [ 16, 16, 0, 15.5 ], "texture": "#texture" },
        "up":    { "uv": [ 0, 15.5, 16, 16 ], "texture": "#texture" },
        "north": { "uv": [ 0, 7.5, 16, 8 ], "texture": "#texture" },
        "south": { "uv": [ 0, 7.5, 16, 8 ], "texture": "#texture" },
        "west":  { "uv": [ 15.5, 7.5, 16, 8 ], "texture": "#texture" },
        "east":  { "uv": [ 0, 7.5, 0.5, 8 ], "texture": "#texture" }
    }
},
{
    "__comment": "Rod",
    "from": [ -11.5, 8, 22 ],
    "to": [ 27.5, 8.5, 23 ],
    "faces": {
        "down":  { "uv": [ 16, 16, 0, 16 ], "texture": "#texture" },
        "up":    { "uv": [ 0, 16, 16, 16 ], "texture": "#texture" },
        "north": { "uv": [ 0, 7.5, 16, 8 ], "texture": "#texture" },
        "south": { "uv": [ 0, 7.5, 16, 8 ], "texture": "#texture" },
        "west":  { "uv": [ 16, 7.5, 16, 8 ], "texture": "#texture" },
        "east":  { "uv": [ 0, 7.5, 0, 8 ], "texture": "#texture" }
    }
},
{
    "__comment": "Rod",
    "from": [ -5, 8, 10.5 ],
    "to": [ 21, 8.5, 11.5 ],
    "faces": {
        "down":  { "uv": [ 16, 11.5, 0, 10.5 ], "texture": "#texture" },
        "up":    { "uv": [ 0, 10.5, 16, 11.5 ], "texture": "#texture" },
        "north": { "uv": [ 0, 7.5, 16, 8 ], "texture": "#texture" },
        "south": { "uv": [ 0, 7.5, 16, 8 ], "texture": "#texture" },
        "west":  { "uv": [ 10.5, 7.5, 11.5, 8 ], "texture": "#texture" },
        "east":  { "uv": [ 4.5, 7.5, 5.5, 8 ], "texture": "#texture" }
    }
},
{
    "__comment": "Rod",
    "from": [ 1.5, 8, 3.5 ],
    "to": [ 14.5, 8.5, 4.5 ],
    "faces": {
        "down":  { "uv": [ 14.5, 4.5, 1.5, 3.5 ], "texture": "#texture" },
        "up":    { "uv": [ 1.5, 3.5, 14.5, 4.5 ], "texture": "#texture" },
        "north": { "uv": [ 1.5, 7.5, 14.5, 8 ], "texture": "#texture" },
        "south": { "uv": [ 1.5, 7.5, 14.5, 8 ], "texture": "#texture" },
        "west":  { "uv": [ 3.5, 7.5, 4.5, 8 ], "texture": "#texture" },
        "east":  { "uv": [ 11.5, 7.5, 12.5, 8 ], "texture": "#texture" }
    }
},
{
    "__comment": "Rod",
    "from": [ 1.5, 8, -1.5 ],
    "to": [ 14.5, 8.5, -0.5 ],
    "faces": {
        "down":  { "uv": [ 14.5, 0, 1.5, 0 ], "texture": "#texture" },
        "up":    { "uv": [ 1.5, 0, 14.5, 0 ], "texture": "#texture" },
        "north": { "uv": [ 1.5, 7.5, 14.5, 8 ], "texture": "#texture" },
        "south": { "uv": [ 1.5, 7.5, 14.5, 8 ], "texture": "#texture" },
        "west":  { "uv": [ 0, 7.5, 0, 8 ], "texture": "#texture" },
        "east":  { "uv": [ 16, 7.5, 16, 8 ], "texture": "#texture" }
    }
},
{
    "__comment": "Rod",
    "from": [ 5, 8.5, -10.5 ],
    "to": [ 6, 9, 13.5 ],
    "faces": {
        "down":  { "uv": [ 11, 13.5, 10, 0 ], "texture": "#texture" },
        "up":    { "uv": [ 5, 0, 6, 13.5 ], "texture": "#texture" },
        "north": { "uv": [ 10, 7, 11, 7.5 ], "texture": "#texture" },
        "south": { "uv": [ 5, 7, 6, 7.5 ], "texture": "#texture" },
        "west":  { "uv": [ 0, 7, 13.5, 7.5 ], "texture": "#texture" },
        "east":  { "uv": [ 2.5, 7, 16, 7.5 ], "texture": "#texture" }
    }
},
{
    "__comment": "Rod",
    "from": [ 10, 8.5, -10.5 ],
    "to": [ 11, 9, 13.5 ],
    "faces": {
        "down":  { "uv": [ 6, 13.5, 5, 0 ], "texture": "#texture" },
        "up":    { "uv": [ 10, 0, 11, 13.5 ], "texture": "#texture" },
        "north": { "uv": [ 5, 7, 6, 7.5 ], "texture": "#texture" },
        "south": { "uv": [ 10, 7, 11, 7.5 ], "texture": "#texture" },
        "west":  { "uv": [ 0, 7, 13.5, 7.5 ], "texture": "#texture" },
        "east":  { "uv": [ 2.5, 7, 16, 7.5 ], "texture": "#texture" }
    }
},
{
    "__comment": "Rod",
    "from": [ -1.5, 8.5, 1.5 ],
    "to": [ -0.5, 9, 25.5 ],
    "faces": {
        "down":  { "uv": [ 16, 16, 16, 1.5 ], "texture": "#texture" },
        "up":    { "uv": [ 0, 1.5, 0, 16 ], "texture": "#texture" },
        "north": { "uv": [ 16, 7, 16, 7.5 ], "texture": "#texture" },
        "south": { "uv": [ 0, 7, 0, 7.5 ], "texture": "#texture" },
        "west":  { "uv": [ 1.5, 7, 16, 7.5 ], "texture": "#texture" },
        "east":  { "uv": [ 0, 7, 14.5, 7.5 ], "texture": "#texture" }
    }
},
{
    "__comment": "Rod",
    "from": [ 16.5, 8.5, 1.5 ],
    "to": [ 17.5, 9, 25.5 ],
    "faces": {
        "down":  { "uv": [ 0, 16, 0, 1.5 ], "texture": "#texture" },
        "up":    { "uv": [ 16, 1.5, 16, 16 ], "texture": "#texture" },
        "north": { "uv": [ 0, 7, 0, 7.5 ], "texture": "#texture" },
        "south": { "uv": [ 16, 7, 16, 7.5 ], "texture": "#texture" },
        "west":  { "uv": [ 1.5, 7, 16, 7.5 ], "texture": "#texture" },
        "east":  { "uv": [ 0, 7, 14.5, 7.5 ], "texture": "#texture" }
    }
},
{
    "__comment": "Rod",
    "from": [ 11.5, 8.5, 1.5 ],
    "to": [ 12.5, 9, 25.5 ],
    "faces": {
        "down":  { "uv": [ 4.5, 16, 3.5, 1.5 ], "texture": "#texture" },
        "up":    { "uv": [ 11.5, 1.5, 12.5, 16 ], "texture": "#texture" },
        "north": { "uv": [ 3.5, 7, 4.5, 7.5 ], "texture": "#texture" },
        "south": { "uv": [ 11.5, 7, 12.5, 7.5 ], "texture": "#texture" },
        "west":  { "uv": [ 1.5, 7, 16, 7.5 ], "texture": "#texture" },
        "east":  { "uv": [ 0, 7, 14.5, 7.5 ], "texture": "#texture" }
    }
},
{
    "__comment": "Rod",
    "from": [ 3.5, 8.5, 1.5 ],
    "to": [ 4.5, 9, 25.5 ],
    "faces": {
        "down":  { "uv": [ 12.5, 16, 11.5, 1.5 ], "texture": "#texture" },
        "up":    { "uv": [ 3.5, 1.5, 4.5, 16 ], "texture": "#texture" },
        "north": { "uv": [ 11.5, 7, 12.5, 7.5 ], "texture": "#texture" },
        "south": { "uv": [ 3.5, 7, 4.5, 7.5 ], "texture": "#texture" },
        "west":  { "uv": [ 1.5, 7, 16, 7.5 ], "texture": "#texture" },
        "east":  { "uv": [ 0, 7, 14.5, 7.5 ], "texture": "#texture" }
    }
},
{
    "__comment": "VertRod",
    "from": [ 7.5, 6, -14 ],
    "to": [ 8.5, 32, -13 ],
    "faces": {
        "down":  { "uv": [ 8.5, 0, 7.5, 0 ], "texture": "#texture" },
        "up":    { "uv": [ 7.5, 0, 8.5, 0 ], "texture": "#texture" },
        "north": { "uv": [ 7.5, 0, 8.5, 10 ], "texture": "#texture" },
        "south": { "uv": [ 7.5, 0, 8.5, 10 ], "texture": "#texture" },
        "west":  { "uv": [ 0, 0, 0, 10 ], "texture": "#texture" },
        "east":  { "uv": [ 16, 0, 16, 10 ], "texture": "#texture" }
    }
},
{
    "__comment": "VertRod",
    "from": [ 30, 6, 24.5 ],
    "to": [ 31, 32, 25.5 ],
    "faces": {
        "down":  { "uv": [ 0, 16, 0, 16 ], "texture": "#texture" },
        "up":    { "uv": [ 16, 16, 16, 16 ], "texture": "#texture" },
        "north": { "uv": [ 0, 0, 0, 10 ], "texture": "#texture" },
        "south": { "uv": [ 16, 0, 16, 10 ], "texture": "#texture" },
        "west":  { "uv": [ 16, 0, 16, 10 ], "texture": "#texture" },
        "east":  { "uv": [ 0, 0, 0, 10 ], "texture": "#texture" }
    }
},
{
    "__comment": "VertRod",
    "from": [ 7.5, 6, 10 ],
    "to": [ 8.5, 32, 11 ],
    "faces": {
        "down":  { "uv": [ 8.5, 11, 7.5, 10 ], "texture": "#texture" },
        "up":    { "uv": [ 7.5, 10, 8.5, 11 ], "texture": "#texture" },
        "north": { "uv": [ 7.5, 0, 8.5, 10 ], "texture": "#texture" },
        "south": { "uv": [ 7.5, 0, 8.5, 10 ], "texture": "#texture" },
        "west":  { "uv": [ 10, 0, 11, 10 ], "texture": "#texture" },
        "east":  { "uv": [ 5, 0, 6, 10 ], "texture": "#texture" }
    }
},
{
    "__comment": "VertRod",
    "from": [ -15, 6, 24.5 ],
    "to": [ -14, 32, 25.5 ],
    "faces": {
        "down":  { "uv": [ 16, 16, 16, 16 ], "texture": "#texture" },
        "up":    { "uv": [ 0, 16, 0, 16 ], "texture": "#texture" },
        "north": { "uv": [ 16, 0, 16, 10 ], "texture": "#texture" },
        "south": { "uv": [ 0, 0, 0, 10 ], "texture": "#texture" },
        "west":  { "uv": [ 16, 0, 16, 10 ], "texture": "#texture" },
        "east":  { "uv": [ 0, 0, 0, 10 ], "texture": "#texture" }
    }
}
],
"display": {
    "head": {
        "rotation": [ 0, 0, 0 ],
        "translation": [ 0, 0, 0 ],
        "scale": [ 1.4, 1.4, 1.4 ]
    }
}
}