{
"__comment": "Modelled by Merphin with BDcraft Cubik PRO 0.96 Beta - http://bdcraft.net",
"textures": {
    "texture": "blocks/anvil_base"
},
"elements": [ 
{
    "from": [ 15, 9.5, 6 ],
    "to": [ 16, 13.5, 10 ],
    "faces": {
        "down":  { "uv": [ 1, 10, 0, 6 ], "texture": "#texture" },
        "up":    { "uv": [ 15, 6, 16, 10 ], "texture": "#texture" },
        "north": { "uv": [ 0, 2.5, 1, 6.5 ], "texture": "#texture" },
        "south": { "uv": [ 15, 2.5, 16, 6.5 ], "texture": "#texture" },
        "west":  { "uv": [ 6, 2.5, 10, 6.5 ], "texture": "#texture" },
        "east":  { "uv": [ 6, 2.5, 10, 6.5 ], "texture": "#texture" }
    }
},
{
    "from": [ 5, 11.5, 2 ],
    "to": [ 16.5, 12.5, 3 ],
    "rotation": { "origin": [ 5, 11.5, 2 ], "axis": "y", "angle": -22.5 },
    "faces": {
        "down":  { "uv": [ 12.5, 7, 1, 6 ], "texture": "#texture" },
        "up":    { "uv": [ 3.5, 6, 15, 7 ], "texture": "#texture" },
        "north": { "uv": [ 1, 0, 12.5, 1 ], "texture": "#texture" },
        "south": { "uv": [ 3.5, 0, 15, 1 ], "texture": "#texture" },
        "west":  { "uv": [ 6, 0, 7, 1 ], "texture": "#texture" },
        "east":  { "uv": [ 9, 0, 10, 1 ], "texture": "#texture" }
    }
},
{
    "from": [ 4.5, 11.5, 12.9634 ],
    "to": [ 16, 12.5, 13.9634 ],
    "rotation": { "origin": [ 4.5, 11.5, 12.9634 ], "axis": "y", "angle": 22.5 },
    "faces": {
        "down":  { "uv": [ 12.5, 8, 1, 7 ], "texture": "#texture" },
        "up":    { "uv": [ 3.5, 7, 15, 8 ], "texture": "#texture" },
        "north": { "uv": [ 1, 0, 12.5, 1 ], "texture": "#texture" },
        "south": { "uv": [ 3.5, 0, 15, 1 ], "texture": "#texture" },
        "west":  { "uv": [ 7, 0, 8, 1 ], "texture": "#texture" },
        "east":  { "uv": [ 8, 0, 9, 1 ], "texture": "#texture" }
    }
},
{
    "from": [ 7, 2, 7.5 ],
    "to": [ 18.5, 3, 8.5 ],
    "rotation": { "origin": [ 7, 3, 7.5 ], "axis": "z", "angle": 45 },
    "faces": {
        "down":  { "uv": [ 12, 8.5, 0.5, 7.5 ], "texture": "#texture" },
        "up":    { "uv": [ 4, 7.5, 15.5, 8.5 ], "texture": "#texture" },
        "north": { "uv": [ 0.5, 0, 12, 1 ], "texture": "#texture" },
        "south": { "uv": [ 4, 0, 15.5, 1 ], "texture": "#texture" },
        "west":  { "uv": [ 7.5, 0, 8.5, 1 ], "texture": "#texture" },
        "east":  { "uv": [ 7.5, 0, 8.5, 1 ], "texture": "#texture" }
    }
}
],
"display": {
    "thirdperson_righthand": {
        "rotation": [ 0, -90, 0 ],
        "translation": [ -1, -5.5, 0 ],
        "scale": [ 1, 1, 1 ]
    }
}
}