{
"__comment": "Modelled by Merphin with BDcraft Cubik PRO 0.96 Beta - http://bdcraft.net",
"textures": {
    "particle": "items/guide_back",
    "texture": "items/guide"
},
"elements": [ 
{
    "from": [ 8, -3, 0 ],
    "to": [ 8.0625, 16, 16 ],
    "faces": {
        "west":  { "uv": [ 16, 0, 0, 16 ], "texture": "#particle" },
        "east":  { "uv": [ 0, 0, 16, 16 ], "texture": "#texture" }
    }
}
],
"display": {
    "thirdperson_righthand": {
        "rotation": [ 18, -90, 0 ],
        "translation": [ -7.37, 5.29, 2.83 ],
        "scale": [ 1, 1, 1 ]
    },
    "firstperson_righthand": {
        "rotation": [ -5, -90, 0 ],
        "translation": [ -8.0, 10.0, 0.5 ],
        "scale": [ 1, 1, 1.32 ]
    },
    "gui": {
        "rotation": [ 0, -90, 0 ],
        "translation": [ 0, 1.89, 0 ],
        "scale": [ 1, 1, 1 ]
    }
}
}