{
"__comment": "Modelled by Merphin with BDcraft Cubik PRO 0.96 Beta - http://bdcraft.net",
"textures": {
    "particle": "blocks/anvil_base",
    "texture": "blocks/anvil_base",
    "pin_pusher_logo": "blocks/pin_pusher_logo"
},
"elements": [ 
{
    "from": [ -11.5, 2.5, 10.125 ],
    "to": [ 27.5, 7.5, 11.125 ],
    "faces": {
        "down":  { "uv": [ 16, 11.125, 0, 10.125 ], "texture": "#texture" },
        "up":    { "uv": [ 0, 10.125, 16, 11.125 ], "texture": "#texture" },
        "north": { "uv": [ 0, 8.5, 16, 13.5 ], "texture": "#texture" },
        "south": { "uv": [ 0, 8.5, 16, 13.5 ], "texture": "#texture" },
        "west":  { "uv": [ 10.125, 8.5, 11.125, 13.5 ], "texture": "#texture" },
        "east":  { "uv": [ 4.875, 8.5, 5.875, 13.5 ], "texture": "#texture" }
    }
},
{
    "from": [ -12.5, 8.5, 10 ],
    "to": [ -11.5, 32, 11 ],
    "faces": {
        "down":  { "uv": [ 16, 11, 16, 10 ], "texture": "#texture" },
        "up":    { "uv": [ 0, 10, 0, 11 ], "texture": "#texture" },
        "north": { "uv": [ 16, 0, 16, 7.5 ], "texture": "#texture" },
        "south": { "uv": [ 0, 0, 0, 7.5 ], "texture": "#texture" },
        "west":  { "uv": [ 10, 0, 11, 7.5 ], "texture": "#texture" },
        "east":  { "uv": [ 5, 0, 6, 7.5 ], "texture": "#texture" }
    }
},
{
    "from": [ 27.5, 8.5, 10 ],
    "to": [ 28.5, 32, 11 ],
    "faces": {
        "down":  { "uv": [ 0, 11, 0, 10 ], "texture": "#texture" },
        "up":    { "uv": [ 16, 10, 16, 11 ], "texture": "#texture" },
        "north": { "uv": [ 0, 0, 0, 7.5 ], "texture": "#texture" },
        "south": { "uv": [ 16, 0, 16, 7.5 ], "texture": "#texture" },
        "west":  { "uv": [ 10, 0, 11, 7.5 ], "texture": "#texture" },
        "east":  { "uv": [ 5, 0, 6, 7.5 ], "texture": "#texture" }
    }
},
{
    "from": [ -12.5, 7.5, 9.5 ],
    "to": [ 28.5, 8.5, 11.5 ],
    "faces": {
        "down":  { "uv": [ 16, 11.5, 0, 9.5 ], "texture": "#texture" },
        "up":    { "uv": [ 0, 9.5, 16, 11.5 ], "texture": "#texture" },
        "north": { "uv": [ 0, 7.5, 16, 8.5 ], "texture": "#texture" },
        "south": { "uv": [ 0, 7.5, 16, 8.5 ], "texture": "#texture" },
        "west":  { "uv": [ 9.5, 7.5, 11.5, 8.5 ], "texture": "#texture" },
        "east":  { "uv": [ 4.5, 7.5, 6.5, 8.5 ], "texture": "#texture" }
    }
},
{
    "from": [ -12.5, 1.5, 9.5 ],
    "to": [ 28.5, 2.5, 11.5 ],
    "faces": {
        "down":  { "uv": [ 16, 11.5, 0, 9.5 ], "texture": "#texture" },
        "up":    { "uv": [ 0, 9.5, 16, 11.5 ], "texture": "#texture" },
        "north": { "uv": [ 0, 13.5, 16, 14.5 ], "texture": "#texture" },
        "south": { "uv": [ 0, 13.5, 16, 14.5 ], "texture": "#texture" },
        "west":  { "uv": [ 9.5, 13.5, 11.5, 14.5 ], "texture": "#texture" },
        "east":  { "uv": [ 4.5, 13.5, 6.5, 14.5 ], "texture": "#texture" }
    }
},
{
    "from": [ -12.5, 2.5, 9.5 ],
    "to": [ -11.5, 7.5, 11.5 ],
    "faces": {
        "down":  { "uv": [ 16, 11.5, 16, 9.5 ], "texture": "#texture" },
        "up":    { "uv": [ 0, 9.5, 0, 11.5 ], "texture": "#texture" },
        "north": { "uv": [ 16, 8.5, 16, 13.5 ], "texture": "#texture" },
        "south": { "uv": [ 0, 8.5, 0, 13.5 ], "texture": "#texture" },
        "west":  { "uv": [ 9.5, 8.5, 11.5, 13.5 ], "texture": "#texture" },
        "east":  { "uv": [ 4.5, 8.5, 6.5, 13.5 ], "texture": "#texture" }
    }
},
{
    "from": [ 27.5, 2.5, 9.5 ],
    "to": [ 28.5, 7.5, 11.5 ],
    "faces": {
        "down":  { "uv": [ 0, 11.5, 0, 9.5 ], "texture": "#texture" },
        "up":    { "uv": [ 16, 9.5, 16, 11.5 ], "texture": "#texture" },
        "north": { "uv": [ 0, 8.5, 0, 13.5 ], "texture": "#texture" },
        "south": { "uv": [ 16, 8.5, 16, 13.5 ], "texture": "#texture" },
        "west":  { "uv": [ 9.5, 8.5, 11.5, 13.5 ], "texture": "#texture" },
        "east":  { "uv": [ 4.5, 8.5, 6.5, 13.5 ], "texture": "#texture" }
    }
},
{
    "from": [ -10.5, 2.5, 10 ],
    "to": [ 26.5, 7.5, 10.0625 ],
    "faces": {
        "north": { "uv": [ 1, 6.5, 15, 9 ], "texture": "#pin_pusher_logo" }
    }
}
],
"display": {
    "head": {
        "rotation": [ 0, 0, 0 ],
        "translation": [ 0, 0, 0 ],
        "scale": [ 2.4, 2.4, 2.4 ]
    }
}
}